,Name,Title,Price,Description,Tag,Image link
0,kevinyhang,CHEAPEST ALDUT ZOO SINGAPORE TICKET,S$29,Attractions,Attractions,https://media.karousell.com/media/photos/products/2020/10/12/cheapest_aldut_zoo_singapore_t_1602494958_4c6995a1_progressive_thumbnail.jpg
1,luke_chan,1x Singapore Zoo Admission ticket (valid for 31 Oct 2020 AM),S$20,"Usual price $35.10 (non-residents) or $31.20 (Singapore citizens, SPR, holders of EP, SP, WP or DP)   100% genuine, bought from Wildlife Reserves site in Jul 2020.   No need to meet up, will email the ticket :)",Attractions,https://media.karousell.com/media/photos/products/2020/6/25/2x_singapore_zoo_tickets_valid_1593080670_be361e73_progressive_thumbnail.jpg
2,ornavi,Singapore Zoo ADULT Ticket for 24Oct 830AM,S$25,have 3 adult tickets available for the SG Zoo on 24th Oct (Saturday) 8:30am timing and date are fixed 1 adult for $26 or take 2 or more for $25/ticket,Attractions,https://media.karousell.com/media/photos/products/2020/10/1/singapore_zoo_adult_ticket_for_1601567216_16538932_progressive_thumbnail.jpg
3,ling_attractionticket,SINGAPORE ZOO + FREE TRAM,S$29,"ğŸ¦E-TICKET SINGAPORE ZOO + FREE TRAMğŸ¦ ğŸ“±WhatsApp me at https://wa.me/6597933733 for prompt reply  âš ï¸LIMITED STOCK, FIRST PAY, FIRST RESERVE BASISâš ï¸ ğŸ‘‰ğŸ»FOR ANYONE (LOCAL & FOREIGNER), NO RESTRICTION!  â­•ï¸How to order: âœ…Quantity âœ…Visit date & timing âœ…Email address âœ…Payment by bank transfer only or PayNow/",Attractions,https://media.karousell.com/media/photos/products/2020/8/10/singapore_zoo__free_tram_1597034907_2e377a9f_progressive_thumbnail.jpg
4,yoyo100,Singapore Zoo tickets,S$0,E-tickets via email  In stock available  Expiry till June  Adult ticket:$30 Child ticket :$25  Payment method: PayLah or paynow  Meet up is accepted too :-) ,Attractions,https://media.karousell.com/media/photos/products/2020/03/03/194640_281089045_thumbnail_progressive_thumbnail.jpg
5,arvind91.swaminathan,Singapore zoo tickets for 5 adults,S$150,"5 tickets - adults, available for Singapore zoo. e-ticket will be emailed.",Attractions,https://media.karousell.com/media/photos/products/2020/02/07/225025_276575510_thumbnail_progressive_thumbnail.jpg
6,cheerbearpower,Tickets to Singapore Zoo,S$27,"Selling Ticket(s) at a discount! This comes with no tram rides.    Attraction Name     : Singapore Zoo with Tram Retail Price: Adult $38  If you are keen to take up the offer, please private message us.",Attractions,https://media.karousell.com/media/photos/products/2020/01/13/160014_272617984_thumbnail_progressive_thumbnail.jpg
7,jelly.beanie,Singapore Zoo Tickets (USS SEA AQUARIUM ADVENTURE COVE TRICKEYE MADAME TUSSARDS ZOO RIVER SAFARI NIGHT SAFARI RAINFOREST LUMINA SENTOSA),S$18,"Adultsâ€”â€”â€” $28 Kidsâ€”â€”â€”18   Fast Response. Reliable Seller. E-Tickets send within 15 mins after payment receive. Any enquires, feel free to whatsapp me at.            ğŸ“± +65 8796 6433 ",Attractions,https://media.karousell.com/media/photos/products/2019/12/03/152705_265684391_thumbnail_progressive_thumbnail.jpg
8,1travelsg,ğŸ”¥SALEğŸ”¥ Singapore Zoo + Tram E-tickets,S$18.50,âœ”ï¸ Caroupay accepted ğŸ“± Whatsapp: 85524209 ğŸ’µ  How much will it cost you?  ğŸ‘§ CHILD (3-12)   : $18.50 - $19.50 ğŸ§” ADULT (13+): $27 - $30  ğŸ¦ Singapore Zoo + Tram ğŸ”¥ SALE prices: we are the CHEAPEST  ğŸ’¡ FAQs ğŸ‰ Available for all days (even TODAY)  ğŸ‰ Public holidays / weekends OK ğŸ‰ Local or foreigners CAN use,Attractions,https://media.karousell.com/media/photos/products/2019/11/21/001911_259417262_thumbnail8_progressive_thumbnail
9,kinglovefly,Singapore zoo E-tickets(Adult),S$28,Admission to Singapore Zoo exclude Tram ride No refundable and cancellation. Child tickets is $20.5 per pax,Attractions,https://media.karousell.com/media/photos/products/2019/10/27/111011_155557255_thumbnailJ_progressive_thumbnail
10,sweetytour,Singapore Zoo with Tram E-ticket,S$19.80,ğŸ‘€Open dated ğŸµğŸ¨ğŸ˜ğŸ¯ğŸ¦ğŸ°Singapore Zoo with tram ticketã€Valid for 1 to 2mths! ã€‘ ğŸ’ğŸ»Adult- $28.8 ğŸ‘§ğŸ»Child-: $19.8 ğŸ’Child: 3 - 12 years old ğŸ•—Opening Hoursï¼š 8:30 AM to 6 PM   ğŸ’ŒğŸ‘‰ğŸ»How to use tickets: Please exchange for physical tickets at the ğŸŒticketing counter or the self-ticketing kiosks available at the entra,Attractions,https://media.karousell.com/media/photos/products/2018/08/30/215030_145904433_thumbnail0_progressive_thumbnail
11,martin_022405,Singapore Zoo Tickets,S$23,23 adult and 17 child electronic tickets,Attractions,https://media.karousell.com/media/photos/products/2019/03/07/153549_218160689_thumbnail_progressive_thumbnail.jpg
12,rosminaho,Ticket Attraction Singapore Malaysia Hong kong USS Disneyland Legoland Gardenbythebay Mbs Adventure Cove Wings Of Time Singapore Zoo Singapore Flyer Sea Aquarium River Safari Jurongbird Nightsafari Luge&skyride Angrybird HELLOKITTY Oceanpark SG HK MY,S$0,ALL READY STOCK NO CANCELING OF ORDER NO REFUND NO FURTHER NEGOTIATIONS  NO TRADE ONLY SELF-COLLECT AT MRT / POSTAGE / EMAIL.  TICKET WILLBE EMAILED TO YOU WITHIN 24-48HR AFTER PAYMENT. GIVE ME FIXED DATE AND TRANSFER ME 1-2DAYS BEFORE YOU GO.  â€¢Last UPDATE for 2016:  1.a) USS Eticket $55  (Choose d,Attractions,https://media.karousell.com/media/photos/products/2016/02/10/165530_43349093_thumbnail.jpg
13,rosminaho,Ticket Attraction Singapore Malaysia Hong kong USS Disneyland Legoland Gardenbythebay Mbs Adventure Cove Wings Of Time Singapore Zoo Singapore Flyer Sea Aquarium River Safari Jurongbird Nightsafari Luge&skyride Angrybird HELLOKITTY Oceanpark SG HK MY,S$0,ALL READY STOCK NO CANCELING OF ORDER NO REFUND NO FURTHER NEGOTIATIONS  NO TRADE ONLY SELF-COLLECT AT MRT / POSTAGE / EMAIL.  TICKET WILLBE EMAILED TO YOU WITHIN 24-48HR AFTER PAYMENT. GIVE ME FIXED DATE AND TRANSFER ME 1-2DAYS BEFORE YOU GO.  â€¢Last UPDATE for 2016:  1.a) USS Eticket $55  (Choose d,Attractions,https://media.karousell.com/media/photos/products/2016/01/31/183338_42493140_thumbnail.jpg
14,geteverybodymoving96,Singapore Zoo Adult Ticket (Inclusive of tram rides),S$28,"Ticket is inclusive of admission to Singapore Zoo (worth $35/pax) + Tram Rides (worth $5/pax) -> Total worth $40/pax Â  Operating Hours:Â 8.30am to 6pm  Open date ticket, Valid till 11 March 2019  Fast processing, can buy and use on same day even. Immediate sending of eticket upon receiving payment.  ",Attractions,https://media.karousell.com/media/photos/products/2018/11/17/185522_200159215_thumbnail_progressive_thumbnail.jpg
15,greatdeal.com,Singapore Zoo Electronic Ticket  â—ï¸â—ï¸,S$20,ğŸŒ€Singapore Zoo  âœ…Adult $28 âœ…Kid.   $18  ğŸŒ€River Safari  âœ…Adult. $21 âœ…Kid.    $14   ğŸŒ€Night Safari âœ…Adult.  $32 âœ…Kid.     $23  ğŸŒ€Jurong Bird Park  âœ… Adult. $19 âœ… Kid.    $14  Guaranteed admission   Payment via PayLah/ Paynow / Bank Transfer   Pls PM for more details!!ğŸ‘ğŸ»ğŸ‘ğŸ»,Attractions,https://media.karousell.com/media/photos/products/2019/07/14/055524_214892695_thumbnailA_progressive_thumbnail
16,geteverybodymoving96,Singapore Zoo - Adult Ticket (& Tram rides),S$28,"Selling at $28 Ticket is worth $40: Inclusive of admission to Singapore Zoo (worth $35/pax) + Tram Rides (worth $5/pax)      Operating Hours: 8.30am to 6pm  Open date ticket, Valid till 11 March 2019   Fast processing, can even buy and use on same day Immediate sending of eticket upon receiving paym",Attractions,https://media.karousell.com/media/photos/products/2018/11/24/200610_201312843_thumbnail_progressive_thumbnail.jpg
17,guididi,Singapore zoo open ticket (E ticket) including tram,S$19,"Adult $29 Children (3-12) $19 Price include tram  This is E-ticket, will send by email after payment, save the trouble of meetup =)  We also have other attraction ticket, please check with us â˜ºï¸    E-ticket Will send by email and to be exchange at self service machine at zoo entrance.    Payment by ",Attractions,https://media.karousell.com/media/photos/products/2019/07/26/233845_230155228_thumbnail6_progressive_thumbnail
18,ling_attractionticket,SINGAPORE ZOO,S$18,"ğŸ¦INSTOCK E-TICKET SINGAPORE ZOOğŸ¦ ğŸ“±WhatsApp me at https://wa.me/6597933733 for prompt reply  âœ…OPEN DATE E-TICKET ğŸ‘‰ğŸ»FOR ANYONE (LOCAL & FOREIGNER), NO RESTRICTION!  ğŸ‘¨ğŸ»ğŸ‘©ğŸ»Adult: $28 ğŸ‘¦ğŸ»ğŸ‘§ğŸ»Child (3-12yrs): $18 (Purchase with adult ticket first)  â­•ï¸How to order: âœ…Quantity âœ…Email address âœ…Payment by bank tra",Attractions,https://media.karousell.com/media/photos/products/2019/08/26/075744_214890322_thumbnailN_progressive_thumbnail
19,zack_95,Singapore Zoo (Child),S$19,Hi All  Looking to sell  1x SINGAPORE ZOO TICKET FOR AGE 3-12  Valid for all types of nationalities  Please pm me for fast purchase!  Thanks!!!,Attractions,https://media.karousell.com/media/photos/products/2019/01/13/012855_209441175_thumbnail_progressive_thumbnail.jpg
20,andy477,SINGAPORE ALL ATTRACTION TICKETS SALE,S$9,To Book whats app/SMS AGENT 81062549 100% original To buy E Ticket transfer payment to ACCOUNT.  Buy Tickets as per your choice: â€¢ Hard tickets collection  â€¢ E tickets  Trick Eye Museum E Ticket Available ] Adult:$16 (Actual Price $25)  Madame Tussauds Singapore [ E Ticket Available ] Adult/Child: $,Attractions,https://media.karousell.com/media/photos/products/2016/02/17/132501_43944655_thumbnail.jpg
21,rosminaho,Ticket Attraction Singapore Malaysia Hong kong USS Disneyland Legoland Gardenbythebay Mbs Adventure Cove Wings Of Time Singapore Zoo Singapore Flyer Sea Aquarium River Safari Jurongbird Nightsafari Luge&skyride Angrybird HELLOKITTY Oceanpark SG HK MY,S$0,ALL READY STOCK NO CANCELING OF ORDER NO REFUND NO FURTHER NEGOTIATIONS  NO TRADE ONLY SELF-COLLECT AT MRT / POSTAGE / EMAIL.  TICKET WILLBE EMAILED TO YOU WITHIN 24-48HR AFTER PAYMENT. GIVE ME FIXED DATE AND TRANSFER ME 1-2DAYS BEFORE YOU GO.  â€¢Last UPDATE for 2016:  1.a) USS Eticket $55  (Choose d,Attractions,https://media.karousell.com/media/photos/products/2016/02/02/090124_42650497_thumbnail.jpg
22,joyoffer,CABLE CAR MIX AND MATCH COMBO,S$11,â™¦ï¸Cable Car ğŸ”¹Cable Car (Round Trip) Adult $15 Child $11 ğŸ”¹Combo 1: Cable Car (Round Trip) + Headrock VR Ride $18 ğŸ”¹Combo 2: Cable Car (Round Trip) + Segway Ride $20  â›”ï¸For price list of all attractions click the link http://joyoffer.blogspot.sg  ğŸ“SMS/WhatsApp 92284770 Wendy by clicking this link https,Attractions,https://media.karousell.com/media/photos/products/2020/10/14/cable_car_mix_and_match_combo_1602645775_c3f95c06_progressive_thumbnail.jpg
23,lmm28,Cable Car e-ticket (2-way) - Open date,S$18,unused e-ticket,Attractions,https://media.karousell.com/media/photos/products/2020/10/11/cable_car_eticket_2way__open_d_1602412321_aa187af4_progressive_thumbnail.jpg
24,asiasg_holiday,Cable car,S$14,Cable car ticket E tickets Open ticket,Attractions,https://media.karousell.com/media/photos/products/2020/10/10/cable_car_1602312000_cae80a3b_progressive_thumbnail.jpg
25,travel_tickets,â¤ï¸Attractions: Madame Tussauds Sea Aquarium Luge skyride garden by the bay Singapore Flyer trick eye snow city Cable car tickets,S$8.50,â¤ï¸Madame Tussauds + IOS + Boat Ride + 4D MARVEL OR Ultimate Film Experience  Adult/ child:  $22 2 Tickets for the Price of 1 - Madame Tussauds (4-in-1):ğŸ’¥limited stockğŸ’¥  Adult/ child:  $24  â™¥ï¸Cable Car : (2ways) Adult : $16 Child : $13   â™¥ï¸South East Asia Aquarium : Adult : $26 Child : $17  â¤ï¸Combo: ,Attractions,https://media.karousell.com/media/photos/products/2020/10/10/attractions_madame_tussauds_se_1602289301_08ca2978_progressive_thumbnail.jpg
26,happytravel_tix,Attraction ticket Luge & Skyride cable car sea aquarium garden by the bay Trick eye Madame tussauds,S$10,â€¼ï¸PROMOTIONâ€¼ï¸  SEA adult $26  / child $17 (age 4-12)/ senior $17( age 60)â€¨*Scan enter / *no need redeem  Â â€¨Saturday to Tuesday (10am-5pm)Â    â€¨  *Luge & Skyride [E-Ticket]* â€¨2 round $20 (2 luge + 2 Skyride) â€¨3 round $23 â€¨4 round $24 â€¨Close on Tuesday & Wednesday (11am-7:30pm)   Cable carÂ  $18 â€¨Open d,Attractions,https://media.karousell.com/media/photos/products/2020/10/8/attraction_ticket_luge__skyrid_1602121281_e905a50b_progressive_thumbnail.jpg
27,joyoffer,CABLE CAR HEADROCK VR,S$11,â™¦ï¸Cable Car ğŸ”¹Cable Car (Round Trip) Adult $15 Child $11 ğŸ”¹Combo 1: Cable Car (Round Trip) + Headrock VR Ride $18 ğŸ”¹Combo 2: Cable Car (Round Trip) + Segway Ride $20  â›”ï¸For price list of all attractions click the link http://joyoffer.blogspot.sg  ğŸ“SMS/WhatsApp 92284770 Wendy by clicking this link https,Attractions,https://media.karousell.com/media/photos/products/2020/10/8/cable_car_headrock_vr_1602119645_73b832df_progressive_thumbnail.jpg
28,singapore_attractions,Singapore Cable Car - Flavours Cabin (Min 2 Persons),S$51,"ğŸ“±ğŸ“For inquiries, contact us at 62352328 or Whatsapp https://wa.me/6588582328  SGD51/persons (Minimum 2 persons)  A Unique Experience to Celebrate Singapore Flavours  Savour Singapore's authentic flavours in the Singapore Flavours Cabin with a bento freshly prepared and served to you in your dedicate",Attractions,https://media.karousell.com/media/photos/products/2020/10/7/singapore_cable_car__flavours__1602051495_17cadcb2_progressive_thumbnail
29,happytravel_tix,Cable car Cable car Cable car Cable car Cable car Cable car Cable car Cable car Cable car Cable car Cable car Cable car Cable car Cable car Cable Car Cable Car Cable Car Cable Car Cable Car,S$12,"â€¼ï¸PROMOTIONâ€¼ï¸  *Cable car skypass  [E-Ticket]*â€¨Adult [ age 13 & above  ] $18â€¨Child [4-12 ] $12-15â€¨â€¨âœ…Both way, round trip  â€¨âœ…Both line - sentosa line + mount faber line  âœ…whstapp 92464633 ann   âœ¨Cable car + Madame tussauds $35âœ¨ 65 tokens $35  cable car cable car tickets cable car tickets for sg Cable",Attractions,https://media.karousell.com/media/photos/products/2020/7/6/cable_car_tickets_1593996153_d97fd488_progressive_thumbnail.jpg
30,joyoffer,CABLE CAR,S$11,â™¦ï¸Cable Car ğŸ”¹Cable Car (Round Trip) Adult $15 Child $11 ğŸ”¹Combo 1: Cable Car (Round Trip) + Headrock VR Ride $18 ğŸ”¹Combo 2: Cable Car (Round Trip) + Segway Ride $20  â›”ï¸For price list of all attractions click the link http://joyoffer.blogspot.sg  ğŸ“SMS/WhatsApp 92284770 Wendy by clicking this link https,Attractions,https://media.karousell.com/media/photos/products/2020/03/29/173009_285666447_thumbnail_progressive_thumbnail.jpg
31,sunny.deals,2K+Reviews Immed issue:  Luge Skyride Jurong Bird Park Safari night Gardens by the Bay sea aquarium Cable car ,S$19,Immed issue. 2k+ reviews  Luge Skyride 2 rounds each $19 Sea aquarium $26 adult. $18 child  Mdm Tussauds $30 for 2 pax promo. While stock last.   Gardens by the Bay $14 adult $8.5 Child  Have promo Wildlife etickets.  Selling away due to change of plan by Buyers. Limited tickets left. Act fast. Thx.,Attractions,https://media.karousell.com/media/photos/products/2020/10/5/2kreviews_immed_issue_luge_sky_1601937409_85896c02_progressive_thumbnail.jpg
32,happytravel_tix,Attraction ticket sea aquarium garden by the bay  cable car luge Skyride trick eye Madame tussauds head rock,S$15, â€¼ï¸PROMOTIONâ€¼ï¸  Whstapp 92464633 ann â€¨https://wa.me/6592464633  âŒNO CALL  ğŸŸSea  Adult $26 Â  Child $17 (age 4-12) Senior $17â€¨Saturday to Tuesday (10am-5pm)Â  â€¨â€¨ğŸš Cable carÂ Â Â   Adult $18  Child $12-15 ( age 4-12)â€¨Open date (8:45am-8:30pm)Â  â€¨ğŸ’ƒMadame Tussaud  Adult / child $22â€¨Thursday to Monday (11am-7pm,Attractions,https://media.karousell.com/media/photos/products/2020/9/25/attraction_ticket_sea_aquarium_1601001814_9f660d55_progressive_thumbnail.jpg
33,jeremytantat,Cable Car Tickets Sentosa Singapore,S$13.50,Sentosa Cable Car tickets + island admission Adult (13yo+): $17.5 Child (4-12yo): $13.5 Return trip E-ticket. Open tickets. Includes Mount Faber Line and Sentosa Line.  Welcome for further inquiries.,Attractions,https://media.karousell.com/media/photos/products/2020/9/20/cable_car_tickets_sentosa_sing_1600575186_3532563f_progressive_thumbnail.jpg
34,singaporelocalattraction,Cable Car 2-Ways Tickets,S$11,Adult $18 Child $11 Available in E-tickets. Get your tickets and redeem at the counter immediately.  Please contact +65 88168823,Attractions,https://media.karousell.com/media/photos/products/2020/8/29/cable_car_2ways_tickets_1598718451_dfdb3c76_progressive_thumbnail.jpg
35,sunny.deals,2K+ Reviews Immed issue: Cable Car  Sentosa Sea Aquarium  luge Skyride Mdm Tussaud Trickeye tickets,S$14,Immed Issue. 2K+ Reviews   Sea Aquarium SEA Adults $26 Child $18 Luge Skyride  2 rounds each $20 Trickeye $13 Mdm Tussaud Madame $21 USS Universal Studio $59 Cable Car 2 way return. Both Sentosa and faber lines. Adult 18 / child $14   Immed issue.  ,Attractions,https://media.karousell.com/media/photos/products/2020/9/10/immed_issue_cable_car_sentosa__1599708774_c937e5be_progressive_thumbnail.jpg
36,singapore_attractions,CABLE CAR + LUGE AND SKYRIDE [OPEN DATED / E-TICKET],S$34,"ğŸ“±ğŸ“For inquiries, contact us at 62352328 or Whatsapp https://wa.me/6588582328  What you'll get - CABLE CAR SINGAPORE - LUGE & SKYRIDE 2ROUNDS  $34/CHILD $38/ADULT  We are a licensed Travel Agent approved by Singapore Tourism Board.  Get your cheap Singapore attraction tickets here! - Purchase of mult",Attractions,https://media.karousell.com/media/photos/products/2020/5/18/cable_car__luge_and_skyride_op_1589767815_200bdf06_progressive_thumbnail
37,ling_attractionticket,CABLE CAR SENTOSA (2 WAYS),S$13.50,"ğŸ’¥INSTOCKğŸ’¥ ğŸš¡CABLE CAR (2 WAYS) E-TICKET: ğŸ‘¨ğŸ»ğŸ‘©ğŸ»Adult: $17.50 ğŸ‘¦ğŸ»ğŸ‘§ğŸ»Child (4-12yrs): $13.50  âœ…Include of Sentosa admission âœ…2 Ways: Mount Faber & Sentosa line  âŒNO NEED PRINTâŒ  ğŸ”¹Mount Faber Line: Â·Mount Faber Station (for Mount Faber) Â·HarbourFront Station (for VivoCity, HarbourFront MRT) Â·Sentosa Station",Attractions,https://media.karousell.com/media/photos/products/2020/7/24/cable_car_sentosa_2_ways_1595552602_4e403a3e_progressive_thumbnail.jpg
38,maysnowangel,Singapore Cable Car -E ticket for child ( Round trip/2 ways),S$14,Singapore Cable Car -E ticket for child ( Round trip/2 ways) . ,Attractions,https://media.karousell.com/media/photos/products/2019/05/10/102610_228308443_thumbnail_progressive_thumbnail.jpg
39,tinymosquito,CABLE CAR TICKETS ,S$13.50,Cheapest Round Trip Sky Pass! Adult $17.50 Child $13.50 2 ways back and forth. All lines inclusive   Whatsapp to get the best quote!   Feel free to Whatsapp me is you need to enquire for any tickets! Just press the link below to chat with me! https://wa.me/6587274091?text=I'm%20interested%20in%20you,Attractions,https://media.karousell.com/media/photos/products/2019/06/24/215112_125185436_thumbnailQ_progressive_thumbnail
40,singapore.attractions,universal studios singapore ticket sea aquarium adventure cove cable car luge skyride madam tussaud trick eye  sentosa zoo bird park river safari night safari snow city science centre legoland Zoo sky park marina Garden by the bay cheap discount tickets,S$9,"ğŸ’•Please Whatsapp:  +(65) 91018948ğŸ’•  ğŸ’•E ticket: No need to Print out Open dated tickets, Can be use from mobile and tablet  ğŸ’•*Universal Studios Sentosa (USS)ç¯çƒå½±åŸ *You can go out of USS for your lunch and back LIMITED TICKETS ONLY E ticket (No need to print out) Adult  $58  (U.P. SGD 81.00)    Child  ",Attractions,https://media.karousell.com/media/photos/products/2019/09/11/144928_109408585_thumbnailc_progressive_thumbnail
41,singapore.attractions,adventure cove adventure cove adult adventure cove adventure cove Sentosa cheap ticket discount promotion Universal Studios Aquarium Zoo night Safari Cable car Madam Tussauds Luge skyline Bird park Fun Pass Butterfly Trick Eye Snow City Legoland,S$21,"ğŸ’• Please Whatsapp:  +(65) 91018948 ğŸ’• Adult $26 Child $21 ADVENTURE COVE WATER PARK  10:00am 6:00pm   æ°´ä¸Šæ¢é™©ä¹å›­  ğŸ’•E ticket (No need to Print copy) Adult $26  (U.P. SGD 38.00) Child $21   (U.P. SGD 30.00)  Please Whatsapp: 91018948  E ticket:  No need to Print out, with the soft copy from mobile or table",Attractions,https://media.karousell.com/media/photos/products/2018/12/26/224716_109682132_thumbnail_progressive_thumbnail.jpg
42,singapore.attractions,cable car cable car cable car cable cable car Cable Car Cablecar cheap ticket sentosa night safari river safari zoo bird park river cruise madam Tussaud luge skyride universal studios aquarium adventure cove cable sentosa cheap ticket discount promotion,S$19,"ğŸ’• Please Whatsapp:  91018948 ğŸ’• Adult $19 Child $15 Cable Car cheap ticket discount 2 ways and Sentosa line   Cable Car  ç å®ç¼†è½¦,åŒ…æ‹¬å…¥å²›è´¹   8:45am to 10:00pm (Last Boarding at 9:30pm) Mount Faber Line or Harbour Front Line to Sentosa + Sentosa Line inside Sentosa. Round trip,  includes Sentosa Island Admis",Attractions,https://media.karousell.com/media/photos/products/2019/05/11/123523_228489427_thumbnail0_progressive_thumbnail
43,singapore.attractions,sea aquarium aquarium adult Aquarium sea Aquarium sea aquarium aquarium aj hackett Sentosa cheap ticket discount Universal Studios Adventure cove Zoo night Safari Cable car Madam Tussauds Luge skyline Bird park Butterfly Trick Eye Snow City Legoland,S$14.50,ğŸ’• Please Whatsapp:  +(65) 91018948 ğŸ’• Adult $25 Child $14.50 Senior  $19 S.E.A AQUARIUM  Full day 10:00am 7:00pm   Last Admission 6:30pm  æµ·æ´‹é¦†   ğŸ’•E ticket (No need to Print copy) / Physical Adult $25        (U.P. SGD 40.00)    Child  $14.50 (U.P. SGD 29.00) till 31 March 2021 Senior $19       (U.P. SG,Attractions,https://media.karousell.com/media/photos/products/2019/07/21/211746_109682227_thumbnail__progressive_thumbnail
44,joyoffer,GARDEN BY THE BAY MIX AND MATCH COMBO,S$8.50,â™¦ï¸Garden By The Bay And Marina Bay Sands SkyPark ğŸ”¹Garden By The Bay (Cloud Forest + Flower Dome) Adult $14 Child $8.50 ğŸ”¹Marina Bay Sands SkyPark Adult $18 Child $13 ğŸ”¹Garden By The Bay (Cloud Forest + Flower Dome) + Marina Bay Sands SkyPark Adult $31 Child $21.50  â›”ï¸For price list of all attractions ,Attractions,https://media.karousell.com/media/photos/products/2020/10/14/garden_by_the_bay_mix_and_matc_1602649717_bf17ce59_progressive_thumbnail.jpg
45,sg.attractions,S.E.A  and Gardens by the Bay,S$45,"We have  * Sea Aquarium.  * Gardens by the Bay (Admission to Flower Dome and Cloud Forest)  Get your cheap Singapore attraction tickets here!  - Purchase of multiple quantities allowed  - 100% Authentic  - Open dated  - Fast Transaction  - Affordable Price  - Reliable Seller  For inquiries, please c",Attractions,https://media.karousell.com/media/photos/products/2020/10/13/sea_and_gardens_by_the_bay_1602568421_2f1006ad_progressive_thumbnail
46,sgrediscover,SEA AQUARIUM + GARDENS BY THE BAY (2 DOMES) - HOT DEAL NOW!,S$39.50,"What you get:  GARDENS BY THE BAY (2 DOMES) + SEA AQUARIUM (SENTOSA)  ADULT	$39.5 CHILD	$25.5  Note: Advance booking is required for both GBB & SEA AQUARIUM, check this link:  https://sdm.rwsentosa.com/   https://ticket.gardensbythebay.com.sg/package/info/93840/4974   Child Age: Child for GBB is 3-1",Attractions,https://media.karousell.com/media/photos/products/2020/10/13/sea_aquarium__gardens_by_the_b_1602563995_8fe6c060_progressive_thumbnail
47,sgrediscover,EXCLUSIVE OFFER! GARDENS BY THE BAY (2 DOMES) + SINGAPORE DUCK TOUR,S$43,"What you get:  - GARDENS BY THE BAY (FLOWER DOME & CLOUD FOREST)  - SINGAPORE DUCK TOUR (Original DuckTour)  Rate: Adult is $43 / Child is $32  Note for GBB:  - Child below 3 for GBB is free - Advance booking for Gardens by the bay, See below link  https://ticket.gardensbythebay.com.sg/package/info/",Attractions,https://media.karousell.com/media/photos/products/2020/10/13/exclusive_offer_gardens_by_the_1602562091_1d0c4d9a_progressive_thumbnail
48,travel_tickets,â¤ï¸Attractions: sea aquarium Uss cable car luge skyride trick Eye garden by the bay marina bay sands sky park fun pass,S$8.50,â™¥ï¸South East Asia Aquarium : Adult : $26 Child : $17   â™¥ï¸Cable Car : (2ways) Adult : $16.5 Child : $13   â¤ï¸Fun pass: (tokens 65) Adult / child same price :    $33â€¨Combo 1:â€¨Sea aquarium + cable car â€¨Combo 2:â€¨Sea aquarium + madame Tussaudâ€¨Combo 3 : Sea aquarium + trick eye    â™¥ï¸Gardens By The Bay (Clo,Attractions,https://media.karousell.com/media/photos/products/2020/10/7/attractions_sea_aquarium_uss_c_1602030904_f1759cc1_progressive_thumbnail.jpg
49,sunny.deals,2K+ Reviews Jurong Bird Park Gardens by the Bay Flower & Cloud Dome sea aquarium Trickeye tussaud Jurong Bird Park river Safari ,S$26,2K+ Reviews Jurong Bird Park Gardens by the Bay Flower & Cloud Dome sea aquarium Trickeye tussaud Jurong Bird Park river Safari  All nationalities. Etickets send to yr email   Immed Issue. 2K+ Reviews  Gardens by the Bay - Flower & Cloud Dome $14 ( Adult ) $9( Child )  Jurong Bird Park $23 River Saf,Attractions,https://media.karousell.com/media/photos/products/2020/10/12/2k_reviews_jurong_bird_park_ga_1602470398_2829dc26_progressive_thumbnail.jpg
50,joyoffer,GARDEN BY THE BAY MARINA BAY SANDS SKYPARK,S$8.50,â™¦ï¸Garden By The Bay And Marina Bay Sands SkyPark ğŸ”¹Garden By The Bay (Cloud Forest + Flower Dome) Adult $14 Child $8.50 ğŸ”¹Marina Bay Sands SkyPark Adult $18 Child $13 ğŸ”¹Garden By The Bay (Cloud Forest + Flower Dome) + Marina Bay Sands SkyPark Adult $31 Child $21.50  â›”ï¸For price list of all attractions ,Attractions,https://media.karousell.com/media/photos/products/2020/10/11/garden_by_the_bay_marina_bay_s_1602432932_b3f8cdaf_progressive_thumbnail.jpg
51,happytravel_tix,Garden by the bay / MBS skypark,S$13,"âœ…*Gardens By The Bay*â€¨Cloud Forest + Flower Dome â€¨Adult $13â€¨Child $9 ( age 3-12)  â€¨Close date : Cloud Forest (Monday) 2020ï¼š 21 Sep, 12 Oct, 9 Nov, 14 DecFlower â€¨Dome (Tuesday)Â  2020ï¼š22 Sep, 13 Oct, 10 Nov,15 Dec    â€”â€”-  ğŸŒŒMBS Sky park Open date Adult$18 child$15(age2-12)   Whstapp 92464633 ann â€¨https",Attractions,https://media.karousell.com/media/photos/products/2020/10/11/garden_by_the_bay__mbs_skypark_1602378936_808d1124_progressive_thumbnail.jpg
52,sgrediscover,GARDENS BY THE BAY - ADMISSION TO FLOWER DOME & CLOUD FOREST (BIG DISCOUNT),S$13,What will you get:  Adult : $13 Child: $8.50 (3-12 year old)  IMPORTANT NOTE:  All visitors will be required to book a time slot. Visit on Gardens by the Bay's website  http://ticket.gardensbythebay.com.sg/package/info/93840/4974   We are licensed Travel Agent approved by Singapore Tourism Board. Ge,Attractions,https://media.karousell.com/media/photos/products/2020/10/13/gardens_by_the_bay__admission__1602560372_618b1077_progressive_thumbnail
53,looneytunesg,Garden by the bay ( Flower dome + Cloud Forest),S$10,Selling cheap! $20 2 adults for 2 domes E-ticket Pm me for more detail,Attractions,https://media.karousell.com/media/photos/products/2020/10/13/garden_by_the_bay__flower_dome_1602580430_231ac3bf_progressive_thumbnail.jpg
54,asiasg_holiday,Garden by the bay,S$18,Garden by the bay E tickets Open ticket,Attractions,https://media.karousell.com/media/photos/products/2020/10/10/garden_by_the_bay_1602312595_7bd03469_progressive_thumbnail.jpg
55,joyoffer,GARDEN BY THE BAY 2 DOME TICKET,S$8.50,â™¦ï¸Garden By The Bay And Marina Bay Sands SkyPark ğŸ”¹Garden By The Bay (Cloud Forest + Flower Dome) Adult $13 Child $8.50 ğŸ”¹Marina Bay Sands SkyPark Adult $18 Child $13 ğŸ”¹Garden By The Bay (Cloud Forest + Flower Dome) + Marina Bay Sands SkyPark Adult $31 Child $21.50  â›”ï¸For price list of all attractions ,Attractions,https://media.karousell.com/media/photos/products/2020/10/10/garden_by_the_bay_2_dome_ticke_1602305112_392b6044_progressive_thumbnail.jpg
56,travel_tickets,â¤ï¸Attractions: Madame Tussauds Sea Aquarium Luge skyride garden by the bay Singapore Flyer trick eye snow city Cable car tickets,S$8.50,â¤ï¸Madame Tussauds + IOS + Boat Ride + 4D MARVEL OR Ultimate Film Experience  Adult/ child:  $22 2 Tickets for the Price of 1 - Madame Tussauds (4-in-1):ğŸ’¥limited stockğŸ’¥  Adult/ child:  $24  â™¥ï¸Cable Car : (2ways) Adult : $16 Child : $13   â™¥ï¸South East Asia Aquarium : Adult : $26 Child : $17  â¤ï¸Combo: ,Attractions,https://media.karousell.com/media/photos/products/2020/10/10/attractions_madame_tussauds_se_1602289301_08ca2978_progressive_thumbnail.jpg
57,j_m_asia,Garden by the bay,S$10.50,ğŸ˜Get your cheap Singapore attraction tickets here !!   ğŸ“±ğŸ“±ğŸ“±ğŸ“±ğŸ“±ğŸ“±ğŸ“±      WhatsApp meğŸ˜Š        +65 94222351  âšœï¸100% authentic  âšœï¸ fast transaction  âšœï¸ Affordable price  âšœï¸ Reliable seller  âšœï¸ Now Attractions Open ğŸ˜€  ğŸ‘‰ğŸŒUniversal studiosğŸŒ  ğŸ‘‰ğŸ‹Sea aquariumğŸ‹  ğŸ‘‰ğŸ—¿Madame TussaudsğŸ—¿  ğŸ‘‰ğŸŒ¿Go greenğŸŒ¿  ğŸ‘‰ğŸï¸luge and sky rid,Attractions,https://media.karousell.com/media/photos/products/2020/10/11/garden_by_the_bay_1602387219_2a3d17e7_progressive_thumbnail.jpg
58,joyoffer,GARDEN BY THE BAY CLOUD FOREST,S$8.50,â™¦ï¸Garden By The Bay And Marina Bay Sands SkyPark ğŸ”¹Garden By The Bay (Cloud Forest + Flower Dome) Adult $14 Child $8.50 ğŸ”¹Marina Bay Sands SkyPark Adult $18 Child $13 ğŸ”¹Garden By The Bay (Cloud Forest + Flower Dome) + Marina Bay Sands SkyPark Adult $31 Child $21.50  â›”ï¸For price list of all attractions ,Attractions,https://media.karousell.com/media/photos/products/2020/10/8/garden_by_the_bay_cloud_forest_1602162227_e4287eaa_progressive_thumbnail.jpg
59,attraction_expert,GARDENS BY THE BAY + SEA AQUARIUM SUPER DEAL PROMO !!!,S$29.50,"Adult : $39.50 Child: $29.50 IMPORTANT NOTE: Ticket is valid till February 16, 2021 All visitors will be required to book a time slot for both Gardens by the bay and Sea aquarium. Please see below links  http://ticket.gardensbythebay.com.sg/package/info/93840/4974  http://sdm.rwsentosa.com  For Inqu",Attractions,https://media.karousell.com/media/photos/products/2020/10/7/gardens_by_the_bay__sea_aquari_1602031013_02349856_progressive_thumbnail.jpg
60,joyoffer,MBS SKYPARK GARDEN BY THE BAY,S$8.50,â™¦ï¸Garden By The Bay And Marina Bay Sands SkyPark ğŸ”¹Garden By The Bay (Cloud Forest + Flower Dome) Adult $14 Child $8.50 ğŸ”¹Marina Bay Sands SkyPark Adult $18 Child $13 ğŸ”¹Garden By The Bay (Cloud Forest + Flower Dome) + Marina Bay Sands SkyPark Adult $31 Child $21.50  â›”ï¸For price list of all attractions ,Attractions,https://media.karousell.com/media/photos/products/2020/10/8/mbs_skypark_garden_by_the_bay_1602120161_2304c3f7_progressive_thumbnail.jpg
61,joyoffer,GARDEN BY THE BAY FLOWER DOME,S$8.50,â™¦ï¸Garden By The Bay And Marina Bay Sands SkyPark ğŸ”¹Garden By The Bay (Cloud Forest + Flower Dome) Adult $14 Child $8.50 ğŸ”¹Marina Bay Sands SkyPark Adult $18 Child $13 ğŸ”¹Garden By The Bay (Cloud Forest + Flower Dome) + Marina Bay Sands SkyPark Adult $31 Child $21.50  â›”ï¸For price list of all attractions ,Attractions,https://media.karousell.com/media/photos/products/2020/10/5/garden_by_the_bay_flower_dome_1601899776_695adb41_progressive_thumbnail.jpg
62,howdypanda,[PROMOTION] Gardens by the Bay Tickets,S$13.50,"Selling gardens by the bay tickets with access to flower dome and cloud forest. It's an open dated ticket so you can purchase now and book a timeslot of your choice later. Adult: $14 Child: $8 Bundle (2 adults, 2 children): $41.50 Kindly take note that this will be an e-ticket.",Attractions,https://media.karousell.com/media/photos/products/2020/10/5/promotion_gardens_by_the_bay_t_1601886357_300ccdc2_progressive_thumbnail.jpg
63,hotelz,Staycation and sight seeing tour to garden by the bay,S$68,Stay 1 night at Venue Hotel Lily include pick up at hotel And enjoy evening walk ( 1 hour to Garden by the Bay) Minimum 2 to go at $68 nett per pax. Tipping at $3 per pax,Attractions,https://media.karousell.com/media/photos/products/2020/10/6/staycation_and_sight_seeing_to_1601954657_963ffe5e_progressive_thumbnail.jpg
64,sunny.deals,2K+ Reviews Immed Issue: Gardens by the Bay Flower cloud dome SEA Aquarium  Cable Car Luge Trickeye Madame Tussaudâ€™s,S$26,Immed issue. 2k+ reviews All nationalities. Eticket.   Gardens by the Bay ( Cloud dome and flower dome)  $13.5 adult $8.5 Child  Sea aquarium $26 adult. $18 child  Mdm Tussauds $30 for 2 pax promo. While stock last.   Have promo Zoo etickets.  Selling away due to change of plan by Buyers. Limited ti,Attractions,https://media.karousell.com/media/photos/products/2020/10/3/2k_reviews_immed_issue_gardens_1601720374_c788bd43_progressive_thumbnail.jpg
65,nic_88,Gardens by the bay Forest dome & Cloud forest Adult Entry ticket,S$25,Gardens by the bay Forest dome & Cloud forest entry ticket  2 for $45  Expiry 31/03/2021  PM for details,Attractions,https://media.karousell.com/media/photos/products/2020/9/28/gardens_by_the_bay_forest_dome_1601252518_75321dea_progressive_thumbnail.jpg
66,minimotors_singapore,Universal Studio Tickets (USS),S$59,Date Of Expiry : 18 Oct 2020.  Group Buy Is Available. ,Attractions,https://media.karousell.com/media/photos/products/2020/10/13/universal_studio_tickets_uss_1602580164_e86afc89_progressive_thumbnail
67,am99998,Two Universal Studio open tickets for sale!,S$125,Attractions,Attractions,https://media.karousell.com/media/photos/products/2020/10/13/two_universal_studio_open_tick_1602576297_e938e86c_progressive_thumbnail.jpg
68,wenlin13,Universal Studio SG Open Date Tickets  for 2 adults,S$130,Tickets valid till 2 March 2021.   Have to book slot at RWS website to secure date.  Mail or meet up at Yishun/Canberra/Raffles Place Mrt,Attractions,https://media.karousell.com/media/photos/products/2020/10/5/universal_studio_sg_open_date__1601905341_dba21f61_progressive_thumbnail.jpg
69,g.online,Universal Studio Singapore USS,S$52,"Universal Studios Singapore  USS Tickets for sale.   Limited tickets only  Child $52 Adult $66  Once you confirmed, let me know which date, I will book and send you the tickets.",Attractions,https://media.karousell.com/media/photos/products/2020/10/3/universal_studio_singapore_uss_1601735247_e44bd8d8_progressive_thumbnail.jpg
70,nitekid11,21st November 2020 USS Universal Studios Singapore tickets for sale!,S$60,I have 4 adult and 5 children tickets for sale THAT CAN ONLY BE USED ON 21st November 2020 (Saturday). First day of school holidays!  Adult - $60 Children (4-12 years old) - $48  Able to sell separately.  1st come 1st serve!,Attractions,https://media.karousell.com/media/photos/products/2020/10/1/uss_universal_studios_singapor_1601512188_4723b14c_progressive_thumbnail.jpg
71,trusted_sellerforall,Universal Studio Singapore USS adult ticket,S$66,E ticket Send via what app Child ticket is $55  Availablity need to check on the website:   https://sdm.rwsentosa.com/  Enter the ticket id to reserve the date ,Attractions,https://media.karousell.com/media/photos/products/2020/9/27/universal_studio_singapore_uss_1601198766_9d509c7f_progressive_thumbnail.jpg
72,joyoffer,UNIVERSAL STUDIOS SINGAPORE,S$41,â™¦ï¸Universal Studios Singapore ğŸ“SMS/WhatsApp â€ª92284770 Wendyâ€¬ by clicking this link https://wa.me/6592284770 for promotion packages  â›”ï¸For price list of all attractions click the link http://joyoffer.blogspot.sg  ğŸ“SMS/WhatsApp 92284770 Wendy by clicking this link https://wa.me/6592284770   Tags: univ,Attractions,https://media.karousell.com/media/photos/products/2020/03/29/172726_285665832_thumbnail_progressive_thumbnail.jpg
73,wendyle,Universal Studio Child physical ticket,S$50,Physical Universal Studio ticket for child Ticket will expire on 30 Nov 2020 You can purchase and register for your own visiting day. Pm me if you have enquiry for other attraction ticket ,Attractions,https://media.karousell.com/media/photos/products/2020/10/6/universal_studio_child_physica_1601964058_d4ffc9cb_progressive_thumbnail.jpg
74,elice222,Universal Studio Singapore one day ticket (09/10/2020),S$55,â€¢Due to personal matter cannot go on that day (09.10.2020).  â€¢Cheaper sell the ticket. â€¢Send the E ticket via WhatsApp or email ,Attractions,https://media.karousell.com/media/photos/products/2020/10/3/universal_studio_singapore_one_1601710176_d4b6382d_progressive_thumbnail.jpg
75,travelingaround,SALE Ticket USS Adult Universal Studio Singapore,S$50,"ğŸ”¥ğŸ”¥E-TICKET USSğŸ”¥ğŸ”¥  Adult 50$ Child 40$  ğŸ’¯ % Authorized Ticket By RWSâ­ï¸â­ï¸  - PAYMENT VIA PAYLAH OR PAYNOW OR BANK TRANSFER - FOR ALL GUEST - TIX SEND VIA WHATSAPP OR EMAIâ­ï¸â­ï¸â­ï¸   Why you must buy the tickets from us : * 100% legit tickets Authorized ticket by RWS * 100% trusted  * Will ",Attractions,https://media.karousell.com/media/photos/products/2020/7/31/sale_ticket_uss_adult_universa_1596189108_9028bc13_progressive_thumbnail
76,travelingaround,USS TICKET ADULT UNIVERSAL STUDIO SINGAPORE 100% LEGIT,S$50,"ğŸ”¥ğŸ”¥E-TICKET USSğŸ”¥ğŸ”¥  Adult 50$ Child 40$  ğŸ’¯ % Authorized Ticket By RWSâ­ï¸â­ï¸  - PAYMENT VIA PAYLAH OR PAYNOW OR BANK TRANSFER - FOR ALL GUEST - TIX SEND VIA WHATSAPP OR EMAIâ­ï¸â­ï¸â­ï¸   Why you must buy the tickets from us : * 100% legit tickets Authorized ticket by RWS * 100% trusted  * Will ",Attractions,https://media.karousell.com/media/photos/products/2020/7/21/uss_ticket_adult_universal_stu_1595299859_dc833411_progressive_thumbnail
77,ttechhap,Open date uss  universal studios Singapore child ticket only,S$999,Uss universal studios Singapore ticket Only left with child Eticket Balance 1 child only   Ticket can be either send via email or print ship over to buyer address ,Attractions,https://media.karousell.com/media/photos/products/2020/7/16/open_date_uss_universal_studio_1594861791_62985ed2_progressive_thumbnail.jpg
78,travel_tickets,Universal studios ticket,S$54,â­ï¸Universal studios :â­ï¸       (Thursday- Sunday:  2pm- 9pm) Adult:    13- 59 years old  Child:    4-12     years old  Senior.  60+  â­ï¸100% Authentic Admission tickets  â­ï¸E tickets ğŸ’¥ğŸ’¥pls do pm me for more SG ATTRACTION TICKETS ğŸ˜˜,Attractions,https://media.karousell.com/media/photos/products/2020/7/12/universal_studios_ticket_1594513871_60e3e3fc_progressive_thumbnail.jpg
79,ticketbooking.com,USS PROMO Universal studios Singapore tickets,S$57.50,"#1 TRUSTED SELLER  âœ”GUARANTEE CHEAPESTâœ” ğŸ’¯ OVER 1000 POSITIVE REVIEWSğŸ’¯  ğŸ”˜ One Message Away To Save Your Valuable Money & Time!   ğŸ”˜ One Of The Most Trusted Seller In Carousell With Over 1000 Positive Reviews!   ğŸ”˜ Buy From Us With Confidence & Peace Of Mind!   ğŸ¤šğŸ½ Appreciate No Further Negotia",Attractions,https://media.karousell.com/media/photos/products/2020/7/2/uss_promo_universal_studios_si_1593654194_f8261e44_progressive_thumbnail.jpg
80,densunb48,Universal Studio Japan (2 Tickets) Pass B,S$90,Pass B  USJ tickets. 2 tickets. Pricing is per ticket,Attractions,https://media.karousell.com/media/photos/products/2020/03/07/120208_281741479_thumbnailm_progressive_thumbnail
81,et_travel,USS (UNIVERSAL STUDIOS SINGAPORE) ETICKET,S$52.50,ğŸ’¥PROMO USS- UNIVERSAL STUDIOS SINGAPOREğŸ’¥ ğŸ’¯GENUINE E-TICKET & GUARANTEE ENTER  âºAdult: $60 âºChild (4-12yrs): $52.50 (Purchase with adult ticket first) âºSenior (60yrs & above): $44 (Purchase wirh adult ticket first)  ğŸŒŸOPEN DATE E-TICKET ğŸŒŸAble to upgrade for Season Pass or Annual Pass ğŸŒFor ALL national,Attractions,https://media.karousell.com/media/photos/products/2020/01/25/102429_274526337_thumbnail_progressive_thumbnail.jpg
82,sweetytour,Universal Studio Singapore (USS) E-ticket (ONE DAY PASS),S$51,ğŸŒOpen date*Universal Studios Singapore (USS)ã€Valid for 1 to 2mths! ã€‘sentosa ğŸ’ğŸ»Adult- $68.00 ğŸ‘§ğŸ»Child- $52.00  ğŸ’Child: 4 - 12 years old ğŸ•—Opening Hoursï¼š 10 AM to 7 PM      ğŸ”¥Eticket send thru Email instantly after ur paymentğŸ¾  ğŸ’ŒğŸ‘‰ğŸ»How to use tickets: Simply show the electronic tickets on your mobile (wit,Attractions,https://media.karousell.com/media/photos/products/2018/08/30/213930_149495180_thumbnail0_progressive_thumbnail
83,1travelsg,ğŸ”¥SALEğŸ”¥USS Singapore / Universal Studios Singapore E-tickets,S$40,âœ”ï¸ Caroupay accepted ğŸ“± Whatsapp: 9166-7760 https://wa.me/6591667760 ğŸ’µ  How much will it cost you?  ğŸ‘¶ CHILD (4-12)   : $52-56 ğŸ§” ADULT (13-59): $62-$67 ğŸ‘´ SENIOR (60+) : $40-45  ğŸ° Universal Studios Singapore  ğŸ”¥ SALE prices: we are the CHEAPEST  ğŸ’¡ FAQs ğŸ‰ Available for all days (even TODAY)  ğŸ‰ Public hol,Attractions,https://media.karousell.com/media/photos/products/2020/9/6/saleuss_singapore__universal_s_1599377077_025e775b_progressive_thumbnail.jpg
84,zelendipity,Universal Studios Singapore TICKET,S$52,Adult: $63 Child: $52    Tickets will be send to your whatsapp no need to print can be use for LOCAL AND FOREIGNERS   #uss #universal #universalstudios,Attractions,https://media.karousell.com/media/photos/products/2019/09/17/225434_242350503_thumbnailK_progressive_thumbnail
85,joyce.yingying,SALE!! Universal Studios Singapore USS Physical Ticket,S$61,SALE!!  Universal Studios Singapore USS Physical Ticket Open Date!!   Adult : $61  (Last 3pieces) Child : $52    Contact Joyce @ 91294130.,Attractions,https://media.karousell.com/media/photos/products/2019/08/01/120818_240933299_thumbnailH_progressive_thumbnail
86,dealssg,Uss tickets universal studios,S$50,No scam or cheating  Best price guarantee  One day pass available   All other tickets. PM to enquire,Attractions,https://media.karousell.com/media/photos/products/2018/11/24/211502_201323073_thumbnail_progressive_thumbnail.jpg
87,idealsource,Universal Studio Singapore USS ticket,S$64, Open date Etickets (no more food n retail vouchers) Adult: $64. Child: $49  Via email only.   Payment to POSB 126-260-342,Attractions,https://media.karousell.com/media/photos/products/2018/04/08/212457_163524396_thumbnail.jpg
88,shopaurore,wild wild wet ticket (2x),S$30,"selling a pair of wild wild wet tickets, both tickets for $30.   admission only for 16th october 2020 (friday)",Attractions,https://media.karousell.com/media/photos/products/2020/10/10/wild_wild_wet_ticket_2x_1602340476_2092fdb0_progressive_thumbnail.jpg
89,trusted_sellerforall,Wild wild wet adult ticket ,S$15,E ticket send via what app or email   Please refer to image for ticket details    ,Attractions,https://media.karousell.com/media/photos/products/2020/10/10/wild_wild_wet_1602326294_c5b6a9e9_progressive_thumbnail.jpg
90,joker34,Wild wild wet tickets,S$10,I have 10 wild wild wet tickets goin for $10 each for Saturday 12/9/2020,Attractions,https://media.karousell.com/media/photos/products/2020/9/11/wild_wild_wet_tickets_1599830969_4cacc8ba_progressive_thumbnail.jpg
91,chowow,Wild Wild Wet 26 Sep Ticket,S$12,Bought extra. Only for today. Call me 93892080 if u want to buy for today.,Attractions,https://media.karousell.com/media/photos/products/2020/9/26/wild_wild_wet_26_sep_ticket_1601095987_4bf4949f_progressive_thumbnail.jpg
92,fifacoins_ultimate,Wild wild wet tickets for 29 August 2020 (Day pass),S$20,Urgently selling of wild wild wet tickets for 29 August the most I can nego is $20 bcoz each ticket is $15 :) Pay now me at my phone number once I receive Iâ€™ll send the tickets ,Attractions,https://media.karousell.com/media/photos/products/2020/8/21/wild_wild_wet_tickets_for_22_a_1598011942_46a4739a_progressive_thumbnail.jpg
93,butterflyhousefly,Wild Wild Wet tickets for four [emailÂ protected] on 28Jun19 - sold,S$15,4 adult Wild Wild Wet tickets for sale on 28Jun19(Superpeak). $15 for one. Price negotiable if buy more tickets. Can arrange for meet up if interested. Price discounted.,Attractions,https://media.karousell.com/media/photos/products/2019/06/26/081602_235843991_thumbnail_progressive_thumbnail.jpg
94,herubudi-starjoyticket,Wild wild wet Tickets open date until 31 Oct,S$17,"etickets adult and child same price sgd17 open date until 31 Oct Wild wild wet swimming pools in Downtown east near pasir Ris MRT singapore, whatsapp 93723470 for more detail",Attractions,https://media.karousell.com/media/photos/products/2020/8/11/wild_wild_wet_tickets_open_dat_1597111078_9fdf1cfd_progressive_thumbnail.jpg
95,caprilinx,Wild Wild Wet Adult E-tickets (Valid till 30 Sep 2020),S$15,Wild Wild Wet  For Adult admission E-tickets  Valid till 30 Sep 2020  Will send E-tickets to you upon payment received,Attractions,https://media.karousell.com/media/photos/products/2020/8/2/wild_wild_wet_adult_etickets_v_1596343961_7581dd5f_progressive_thumbnail.jpg
96,raymonds09,Wild wild wet 2 adult tickets (peak days),S$0,wildwildwet ,Attractions,https://media.karousell.com/media/photos/products/2020/03/14/121057_283077609_thumbnail_progressive_thumbnail.jpg
97,sgrediscover,WILD WILD WET (BIG DISCOUNT),S$15,"What you will get:  WILD WILD WET ADMISSION TICKET (Valid to use until OCTOBER 31, 2020)  Adult / Child promo at $15 only (3 year old and above)  Opening hours   Thursdays to Mondays 12pm to 6pm Closed on Tuesdays and Wednesdays  Getting here  Address: Downtown East, 1 Pasir Ris Cl, Singapore 519599",Attractions,https://media.karousell.com/media/photos/products/2020/10/13/wild_wild_wet_big_discount_1602562172_7d11663d_progressive_thumbnail
98,flynfiesta,Wild Wild Wet : -E-Ticket  - SPECIAL OFFER - $16/Ticket,S$16," -Singapore Local Attractions: E-Ticket (Skip the Que & save money)   	 We are offering the BEST deals. Please contact: +65 98895410, +65 88125089 (Whatsup can)   Ticket Collection: E-Ticket, we will send it to you by email / Whatsup.   For more special deals: https://www.facebook.com/flynfiesta   P",Attractions,https://media.karousell.com/media/photos/products/2018/07/11/133033_178972755_thumbnail0_progressive_thumbnail
99,sweetytour,wild wild wet E-ticket,S$12,"ğŸ‘€Open date ğŸŠğŸ»Wild Wild Wetã€Valid to 30 Dec! ã€‘  Peak ğŸ’¦ (Saturday,Sunday & Gazeteed School & Public Holidays) Adult :$27.00 Child :$23.00    Off PeakğŸ’§ (Weekdays,except Gazeteed School & Public Holidays) Adult :$21.00 Child :$16.00  ğŸ’Child: 2 - 12 years oldï¼Œâ­ï¸below 2 years old can enter for free. ğŸ•—Open",Attractions,https://media.karousell.com/media/photos/products/2018/08/31/092702_143526374_thumbnail0_progressive_thumbnail
100,lim.98,2Ã—  Cheap Wild Wild Wet Ticket,S$0,Selling Wild wild wet ticket  1 for $15 2 for $25  Expiry date: 1 month (From the date issue)  Meet up at lakeside mrt or Postage available  Interested pls pm me thx,Attractions,https://media.karousell.com/media/photos/products/2019/06/28/223931_236287063_thumbnail_progressive_thumbnail.jpg
101,loverbabe,Wild wild wet tickets,S$18,Wild wild wet tickets on sale till oct 2019.. selling 1 tixs for onli $18 usual $24 for weekdays ...if weekend is $28 each...usual $32...this is for adult price ..  buy more gt more discount ..,Attractions,https://media.karousell.com/media/photos/products/2019/09/12/234331_250309793_thumbnailz_progressive_thumbnail
102,looneyrooneylun,Wild Wild Wet tickets,S$6,Lelong lelong!  Last day of the year. New Year Eve (Public Holida  Free entry to Wild Wild Wet and bowling.  Tickets expiring on 31st Dec 2018.,Attractions,https://media.karousell.com/media/photos/products/2018/12/30/225403_207238393_thumbnail_progressive_thumbnail.jpg
103,butterflyhousefly,Wild Wild Wet tickets on [emailÂ protected] East - sold,S$15,"4 adult tickets available on Superpeak holiday, 29Jun19. Weekend ticket @$15 for 1 ticket. Price negotiable if buying more. Price discounted.",Attractions,https://media.karousell.com/media/photos/products/2019/06/26/085706_235847033_thumbnail_progressive_thumbnail.jpg
104,zongwei0809,Wild wild wet tickets,S$12,"One for $12, two for $22",Attractions,https://media.karousell.com/media/photos/products/2019/07/13/152330_239448842_thumbnail_progressive_thumbnail.jpg
105,withabubble,Wet n Wild Photofocus Matte Setting Spray,S$12,"Brand new, sealed",Attractions,https://media.karousell.com/media/photos/products/2020/10/13/wet_n_wild_photofocus_matte_se_1602598482_754f8540_progressive_thumbnail.jpg
106,caprilinx,Wild Wild Wet Adult Tickets (Valid for any day till 30 Jun),S$18,Tickets are valid till 30 Jun 2020  $18 each,Attractions,https://media.karousell.com/media/photos/products/2020/02/28/174407_273388375_thumbnailo_progressive_thumbnail
107,babyrhino493,WILD WILD WET TICKETS (CHEAP),S$20,"[OFF PEAK] Adult: $20 (U.P $24)  [PEAK] Adult: $26 (U.P $32)  [PEAK]: Saturday, Sunday, Gazetted School and Public Holidays  â›”I have only Adult tickets, NO child tickets! âœ…These are open dates physical tickets, valid till Feb 2020. (Can be used on all days; Weekdays, Weekends, School and Public Holi",Attractions,https://media.karousell.com/media/photos/products/2019/09/24/214013_253219649_thumbnail_progressive_thumbnail.jpg
108,babyrhino493,CHEAP PHYSICAL WILD WILD WET TICKETS,S$20,"[OFF PEAK] Adult: $20 (U.P $24)  [PEAK] Adult: $26 (U.P $32)  [PEAK]: Saturday, Sunday, Gazetted School and Public Holidays  â›”I have only Adult tickets, NO child tickets! âœ…These are open dates physical tickets, valid till Feb 2020. (Can be used on all days; Weekdays, Weekends, School and Public Holi",Attractions,https://media.karousell.com/media/photos/products/2019/09/13/211902_251228599_thumbnail_progressive_thumbnail.jpg
109,babyrhino493,Physical Wild Wild Wet Tickets (Cheap),S$20,"[OFF PEAK] Adult: $20 (U.P $24)  [PEAK] Adult: $26 (U.P $32)  [PEAK]: Saturday, Sunday, Gazetted School and Public Holidays  â›”I have only Adult tickets, NO child tickets! âœ…These are open dates physical tickets, valid till Feb 2020. (Can be used on all days; Weekdays, Weekends, School and Public Holi",Attractions,https://media.karousell.com/media/photos/products/2019/08/16/192308_245962181_thumbnail_progressive_thumbnail.jpg
110,sweetytour,Jurong Bird Park with Tram E-Ticket,S$13.50,ğŸ‘€Open dated ğŸ•ŠğŸ’Jurong Bird Park with tram ticketã€ Valid  1-2 mons! ã€‘ ğŸ’ğŸ»Adult-  $19.60  ğŸ‘§ğŸ»Child: $13.50    Child: 3- 12 years old Opening Hoursï¼š 8.30 AM to 6 PM daily.   ğŸ‘‰ğŸ»Secure the deal with payment to DBS 003-934053-2 / OCBC 686-171679-001 / paylah 91009154 !  ğŸ’ŒğŸ‘‰ğŸ»How to use tickets: Don't need prin,Attractions,https://media.karousell.com/media/photos/products/2018/08/30/215922_147008265_thumbnail0_progressive_thumbnail
111,gaoyan825,è£•å»Šé£ç¦½å…¬å›­é—¨ç¥¨ä¸¤å¼  Jurong bird park ticket,S$21,"Jurong bird park E-ticket SGD21,expiry till 29.02.2019 è£•å»Šé£ç¦½å…¬å›­é—¨ç¥¨ ç”µå­ç¥¨ ä¸€å¼ 21æ–°  æœ‰æ•ˆæœŸåˆ°2019å¹´2æœˆ29å·",Attractions,https://media.karousell.com/media/photos/products/2019/11/17/163740_262867578_thumbnail_progressive_thumbnail.jpg
112,sunny.deals,2K+ Reviews Jurong Bird Park Gardens by the Bay Flower & Cloud Dome sea aquarium Trickeye tussaud Jurong Bird Park river Safari ,S$26,2K+ Reviews Jurong Bird Park Gardens by the Bay Flower & Cloud Dome sea aquarium Trickeye tussaud Jurong Bird Park river Safari  All nationalities. Etickets send to yr email   Immed Issue. 2K+ Reviews  Gardens by the Bay - Flower & Cloud Dome $14 ( Adult ) $9( Child )  Jurong Bird Park $23 River Saf,Attractions,https://media.karousell.com/media/photos/products/2020/10/12/2k_reviews_jurong_bird_park_ga_1602470398_2829dc26_progressive_thumbnail.jpg
113,sgeload,Jurong Bird Park Adult  and Child  Ticket,S$24.50,Purchase  E-tickets  Download  Scan And Go!  All the best  Instant  Ticket.,Attractions,https://media.karousell.com/media/photos/products/2018/09/23/145644_191366279_thumbnail_progressive_thumbnail.jpg
114,besttours,Jurong Bird Park Ticket,S$20,Attractions,Attractions,https://media.karousell.com/media/photos/products/2018/06/14/030630_174640838_thumbnail0_progressive_thumbnail
115,hannabananas,Jurong bird park ticket,S$20,20sgd each. Usual price 36sgd  #birdpark #jurongbirdpark,Attractions,https://media.karousell.com/media/photos/products/2019/08/01/102752_232858605_thumbnails_progressive_thumbnail
116,gyes51y767p,Jurong bird park admission ticket *3,S$80,Three tickets for adult to jurong bird park on 12/07/2018.    It is e -ticket.  Can print out for u if buy it  ,Attractions,https://media.karousell.com/media/photos/products/2018/06/26/072000_176239142_thumbnail_progressive_thumbnail.jpg
117,useuser,Jurong Bird Park Ticket,S$50,Price is for one pair of adult tickets  Please pm for more info.,Attractions,https://media.karousell.com/media/photos/products/2018/09/08/232045_189017652_thumbnail_progressive_thumbnail.jpg
118,sunny.deals,2K Review Immed issue: Sea Aquarium luge Skyride Cable Car  Jurong Bird Park  Sentosa Marina Bay SkyPark USS Universal Studios Studio,S$59,Immed issue. 2k+ reviews All nationalities. Eticket.   Sea aquarium $26 adult. $18 child  Mdm Tussauds $30 for 2 pax promo.  Trickeye $13  Reserved ticket at discount due to last minute change by plan by buyer: Universal Studio $59 While stock last.   Gardens by the Bay ( Cloud dome and flower dome),Attractions,https://media.karousell.com/media/photos/products/2020/10/13/2k_review_immed_issue_sea_aqua_1602633077_7fea6573_progressive_thumbnail.jpg
119,wintan,"Singapore Zoo,Jurong Bird Park and Night Safari",S$55,3 adult tickets available for Singapore Zoo and Jurong Bird Park. ( 2 in 1 ) Discount Price $55 (per person). Usual price ($61) Available date on 5/10-11/10/2020  3 available tickets for Night Safari *ONLY available date on 9/10 @7.15pm  Discount price $30. Usual price ($35.70)  Will email or WhatsA,Attractions,https://media.karousell.com/media/photos/products/2020/10/5/singapore_zoojurong_bird_park__1601914429_b14e3466_progressive_thumbnail.jpg
120,sunny.deals,2K+Reviews Immed issue:  Luge Skyride Jurong Bird Park Safari night Gardens by the Bay sea aquarium Cable car ,S$19,Immed issue. 2k+ reviews  Luge Skyride 2 rounds each $19 Sea aquarium $26 adult. $18 child  Mdm Tussauds $30 for 2 pax promo. While stock last.   Gardens by the Bay $14 adult $8.5 Child  Have promo Wildlife etickets.  Selling away due to change of plan by Buyers. Limited tickets left. Act fast. Thx.,Attractions,https://media.karousell.com/media/photos/products/2020/10/5/2kreviews_immed_issue_luge_sky_1601937409_85896c02_progressive_thumbnail.jpg
121,cheapticketsheree,Jurong Bird Park,S$25,!! FYI JURONG BIRD PARK CLOSES AT 6PM !!  WhatsApp me for enquires and booking of tickets!  Jurong Bird Park (1-Day) Adult Ticket: Original: $30 Mine: $25  âœ… 100% REAL tickets âœ… Sent tickets through WhatsApp âœ… Payment by Paylah/Paynow  wa.me/6585231361,Attractions,https://media.karousell.com/media/photos/products/2020/9/18/jurong_bird_park_1600432550_da9f0452_progressive_thumbnail.jpg
122,gmr_holiday,Jurong bird Park,S$15,***TRUSTED SELLER***     âœ”GUARANTEE CHEAPESTâœ” ğŸ’¯OVER 100% POSITIVE REVIEWSğŸ’¯  ğŸ›‘ BOTH LOCALS & TOURIST CAN USE!!  ğŸ›‘ BUY WITH CONFIDENCE & PEACE MIND FROM US!!    ğŸ’¯% CHEAPEST IN TOWN   ğŸ’¯% TRUSTED AGENT/ AUTHENTIC E-TICKET AND PHYSICAL TICKETS   ğŸ’¯% POSITIVE REVIEWS   âŒSTRICTLY NO REFUND âŒ  ğŸ“ğŸ“² FOR FAST DE,Attractions,https://media.karousell.com/media/photos/products/2020/9/15/jurong_bird_park_1600200852_c5db1b13_progressive_thumbnail.jpg
123,sg_seller_2020,Jurong Bird Park without tram,S$22,Jurong bird park Without tram   Adult only $22,Attractions,https://media.karousell.com/media/photos/products/2020/9/9/jurong_bird_park_without_tram_1599645613_e44a6e2e_progressive_thumbnail.jpg
124,les8468,1997 Singapore sterling silver proof coin set (Jurong Bird Park),S$83,In great condition ,Attractions,https://media.karousell.com/media/photos/products/2020/10/1/1997_singapore_sterling_silver_1601536121_187601ee_progressive_thumbnail.jpg
125,cassdleong,Limited edition Jurong Bird Park Plushie,S$20,Priced to sell. Moving house. Generally good condition cos kept in cabinet. Self collection at Punggol. Thanks,Attractions,https://media.karousell.com/media/photos/products/2020/10/5/limited_edition_jurong_bird_pa_1601888594_5efcaaca_progressive_thumbnail.jpg
126,sunny.deals,2K+ review Immed issue:  Jurong Bird Park  JBP  Night Safari River Safari etickets ,S$23,2K+ Reviews  Immed issue:  Jurong Bird Park $23  River Safari Night Safari avail  Reserved tickets giving up at promo price. Enquire on the price Eticket send to yr email. Fast and convenient. Enquirer on date and price   Msg to enquire on price for  Night safari  Jurong Bird Park ,Attractions,https://media.karousell.com/media/photos/products/2020/9/25/2k_review_immed_issue_zoo_juro_1600999242_b6a7d25e_progressive_thumbnail.jpg
127,pineappke,Night Safari / Jurong Bird Park figurines pin,S$12,Selling it for 1 set (individual is available) Meetup available (Tampines MRT preferred),Attractions,https://media.karousell.com/media/photos/products/2020/8/10/night_safari__jurong_bird_park_1597040859_ff331473_progressive_thumbnail.jpg
128,pineappke,Singapore Zoo / Night Safari / Jurong Bird Park Figurine pins,S$20,Selling it for 1 set (individual is available) Meetup available (Tampines MRT preferred),Attractions,https://media.karousell.com/media/photos/products/2020/8/10/figurine_pins_1597040371_0c1c6e75_progressive_thumbnail.jpg
129,icloset,Pink Flamingo Cotton T-shirt 4Y WRS Jurong Bird Park,S$4,Stain(s) as seen   Preloved not for fussy buyers  $1.40 for normal mail   Payment via PayLah or PayNow,Attractions,https://media.karousell.com/media/photos/products/2020/9/10/pink_flamingo_cotton_tshirt_4y_1599728059_c73de608_progressive_thumbnail.jpg
130,et_travel,JURONG BIRD PARK WITH FREE TRAM,S$19.50,"ğŸ¦œJURONG BIRD PARK + FREE UNLIMITED TRAMğŸ•Š ğŸ‘ğŸ»OPEN DATE E-TICKET ğŸ‘ğŸ»DIRECT ENTRY (NO NEED REDEEM)  ğŸ”¹ADULT: $19.50 ğŸ”¹CHILD (3-12yrs): $12.50 (*must purchase with adult ticket first)  â¡ï¸For ALL nationality, can use anyday, anytime. â¡ï¸Eticket send via Email only â¡ï¸Payment by bank transfer or PayNow/ PayLah ",Attractions,https://media.karousell.com/media/photos/products/2019/09/22/175539_252818821_thumbnail_progressive_thumbnail.jpg
131,travel_king,Jurong Bird Park Singapore ğŸ‡¸ğŸ‡¬,S$14,ğŸ‡¸ğŸ‡¬ $20 For Adult  ğŸ‡¸ğŸ‡¬ $14 For Children  â€¢ Include Tram   ğŸ‘ğŸ»E-ticket sent via email  ğŸ‘ğŸ»Transfer by bank DBS,Attractions,https://media.karousell.com/media/photos/products/2018/11/25/185539_185268248_thumbnail_progressive_thumbnail.jpg
132,sunny.deals,2K+ review Immed issue:  Jurong Bird Park  JBP  Night Safari River Safari etickets ,S$23,2K+ Reviews  Immed issue:  Jurong Bird Park $23  River Safari Night Safari avail  Reserved tickets giving up at promo price. Enquire on the price Eticket send to yr email. Fast and convenient. Enquirer on date and price   Msg to enquire on price for  Night safari  Jurong Bird Park ,Attractions,https://media.karousell.com/media/photos/products/2020/9/25/2k_review_immed_issue_zoo_juro_1600999242_b6a7d25e_progressive_thumbnail.jpg
133,jelly.beanie,Singapore Zoo Tickets (USS SEA AQUARIUM ADVENTURE COVE TRICKEYE MADAME TUSSARDS ZOO RIVER SAFARI NIGHT SAFARI RAINFOREST LUMINA SENTOSA),S$18,"Adultsâ€”â€”â€” $28 Kidsâ€”â€”â€”18   Fast Response. Reliable Seller. E-Tickets send within 15 mins after payment receive. Any enquires, feel free to whatsapp me at.            ğŸ“± +65 8796 6433 ",Attractions,https://media.karousell.com/media/photos/products/2019/12/03/152705_265684391_thumbnail_progressive_thumbnail.jpg
134,1travelsg,ğŸ”¥SALEğŸ”¥Night Safari + Tram E-tickets,S$23.99,âœ”ï¸ Caroupay accepted ğŸ“± Whatsapp: 85524209 ğŸ’µ  How much will it cost you?  ğŸ‘¶ CHILD (3-12)   : $25.99 ğŸ§” ADULT (13-59): $36.99  ğŸ† Night Safari + Tram Ride ğŸ”¥ SALE prices: we are the CHEAPEST  ğŸ’¡ FAQs ğŸ‰ Available for all days (even TODAY)  ğŸ‰ Public holidays / weekends OK ğŸ‰ Local or foreigners CAN use ğŸ‰ Ope,Attractions,https://media.karousell.com/media/photos/products/2020/02/26/140549_259347266_thumbnailx_progressive_thumbnail
135,sweetytour, Night Safari with Tram E-ticket 7:15pm /8:15pm or 915PM,S$25,ğŸ‘€ ğŸ•Šâ˜„ï¸Night Safari with tram ticketã€Fix dateã€‘      7:15/8:15PM ğŸŒŸğŸ’ğŸ»Adult- $36.00      ğŸ‘§ğŸ»Child-: $26.00    Night Safari with tram ticket All entry timings(open date Valid till 31 Dec 2019) ğŸŒŸğŸ’ğŸ»Adult- $35.00      ğŸ‘§ğŸ»Child-: $25.00  ğŸ’Child: 3 - 12 years old ğŸ•—Opening Hours: 7:15pm-12:00am (last admission 11,Attractions,https://media.karousell.com/media/photos/products/2017/12/26/143342_146059631_thumbnail0
136,lightningtickets,"ğŸŸSEA AQUARIUM E-TICKETS ( ZOO,BIRD PARK,USS, RIVER SAFARI , NIGHT SAFARI, WINGS OF TIME, SEA AQUARIUM and MANY OTHER ATTRACTIONS)",S$16,"ğŸŸSEA AQUARIUM ADULT E-TICKETS  ğŸŸSea aquarium E- Tickets   ADULT $26 CHILD $17 SENIOR $19  ğŸ“±Just scan and enter using your mobile phone.  Payment via bank transfer.  ğŸŸTickets will be emailed to you within 10-15 minutes or less.   Fast email hours : 10am-11pm   Please whatsapp ""Lightningâš¡ï¸""   https://",Attractions,https://media.karousell.com/media/photos/products/2020/01/13/121522_85281017_thumbnail_progressive_thumbnail.jpg
137,jelly.beanie,Night Safari Tickets,S$25,"Adultsâ€”â€” $36 Kidsâ€”$25   Fast Response. Reliable Seller. E-Tickets send within 15 mins after payment receive. Any enquires, feel free to whatsapp me at.             +65 8796 6433   ",Attractions,https://media.karousell.com/media/photos/products/2019/12/03/154414_265687513_thumbnail_progressive_thumbnail.jpg
138,andy477,"night safari E tickets booking ,only for $32",S$32,"hi,  we can book your night safari tickets,only for $32. can e mail ,printout or can whats app reservation slip. interested can call 68844786 or whats app 84396426 note- night safari is only e booking,no physical tickets           so its date and time based.",Attractions,https://media.karousell.com/media/photos/products/2016/02/02/144145_42674448_thumbnail.jpg
139,singapore.attractions,universal studios singapore ticket sea aquarium adventure cove cable car luge skyride madam tussaud trick eye  sentosa zoo bird park river safari night safari snow city science centre legoland Zoo sky park marina Garden by the bay cheap discount tickets,S$9,"ğŸ’•Please Whatsapp:  +(65) 91018948ğŸ’•  ğŸ’•E ticket: No need to Print out Open dated tickets, Can be use from mobile and tablet  ğŸ’•*Universal Studios Sentosa (USS)ç¯çƒå½±åŸ *You can go out of USS for your lunch and back LIMITED TICKETS ONLY E ticket (No need to print out) Adult  $58  (U.P. SGD 81.00)    Child  ",Attractions,https://media.karousell.com/media/photos/products/2019/09/11/144928_109408585_thumbnailc_progressive_thumbnail
140,tinymosquito,HOT DEALS  AVAILğŸ”¥Trickeye museum tickets for sale!  USS SEA AQUARIUM ADVENTURE COVE TRICKEYE MADAME TUSSARDS ZOO RIVER SAFARI NIGHT SAFARI RAINFOREST LUMINA BIRD PRK WINGS OF TIME,S$12.90,ğŸ•¶View These 3D DRAWINGS! Tickets For Sale!  Trickeye museum  $Whatsapp to get the best quote!   Feel free to Whatsapp me is you need to enquire for any tickets! Just press the link below to chat with me! https://wa.me/6587274091?text=I'm%20interested%20in%20your%20Attraction%20tickets%20posted%20in%,Attractions,https://media.karousell.com/media/photos/products/2020/01/12/135043_141745762_thumbnail_progressive_thumbnail.jpg
141,singapore.attractions,zoo zoo zoo zoo zoo ZOO zoo Zoo zoo ticket zoo bird park bird park Bird Park cheap ticket river safari river safari River Safari discount ticket night safari night safari Night Safari cheap ticket discount promotion Universal Studios Aquarium,S$26,ğŸ’• Please Whatsapp:  +(65) 91018948 ğŸ’• Adult $34 Child $26 ZOO unlimited Tram ride åŠ¨ç‰©å›­ Admission & Tram Ride 8:30am to 6:00pm  ğŸ’•Zoo with Tram E Ticket (No need to Print out) Adult $ 34  (U.P. SGD 38.00) Child $ 26  (U.P. SGD 26.00)  ğŸ’•Bird Park with Tram E Ticket  Adult  $24  (U.P. SGD 37.00)	 Child  $,Attractions,https://media.karousell.com/media/photos/products/2020/9/3/zoo_zoo_zoo_zoo_zoo_zoo_zoo_zo_1599104778_04c4bbd8_progressive_thumbnail
142,singapore.attractions,adventure cove adventure cove adult adventure cove adventure cove Sentosa cheap ticket discount promotion Universal Studios Aquarium Zoo night Safari Cable car Madam Tussauds Luge skyline Bird park Fun Pass Butterfly Trick Eye Snow City Legoland,S$21,"ğŸ’• Please Whatsapp:  +(65) 91018948 ğŸ’• Adult $26 Child $21 ADVENTURE COVE WATER PARK  10:00am 6:00pm   æ°´ä¸Šæ¢é™©ä¹å›­  ğŸ’•E ticket (No need to Print copy) Adult $26  (U.P. SGD 38.00) Child $21   (U.P. SGD 30.00)  Please Whatsapp: 91018948  E ticket:  No need to Print out, with the soft copy from mobile or table",Attractions,https://media.karousell.com/media/photos/products/2018/12/26/224716_109682132_thumbnail_progressive_thumbnail.jpg
143,kindababe,Cheapest Night Safari Tickets - 2 Adults & 2 Children,S$22,"Night Safari Tickets w/ Tram - 2 Adults & 2 Children, buy all @$110!!! Open Date with validity of 6months E-tickets, will email to you upon received of full payment  ğŸ’¯ Authentic & Scam Free Only For Genuine Buyer",Attractions,https://media.karousell.com/media/photos/products/2018/08/27/224001_186055557_thumbnail_progressive_thumbnail.jpg
144,tinymosquito,ğŸ¦† Original Duck Tour Singapore! Tickets for Sale! Authentic Tickets USS SEA AQUARIUM ADVENTURE COVE TRICKEYE MADAME TUSSARDS ZOO RIVER SAFARI NIGHT SAFARI RAINFOREST LUMINA Kidzania Headrock VR Sentosa tokens,S$26,ğŸ¦† Original Duck Tour Singapore! Tickets for Sale!   ğŸ™ŒğŸ»Collection of ticket at Chinatown  Open date  $34 adult  $26 child    Direct ticket to Duck Tour at Suntec Fixed date  ğŸ‘¨ğŸ»â€ğŸ¦±Adult $37  ğŸ‘§ğŸ»Child $29.50   Child ticket (Age 3-12) ; Adult ticket (Age 13-60) ğŸ‘¶Toddlers aged 0-2 may purchase tickets dire,Attractions,https://media.karousell.com/media/photos/products/2019/11/20/145132_263392164_thumbnail_progressive_thumbnail.jpg
145,singapore.attractions,cable car cable car cable car cable cable car Cable Car Cablecar cheap ticket sentosa night safari river safari zoo bird park river cruise madam Tussaud luge skyride universal studios aquarium adventure cove cable sentosa cheap ticket discount promotion,S$19,"ğŸ’• Please Whatsapp:  91018948 ğŸ’• Adult $19 Child $15 Cable Car cheap ticket discount 2 ways and Sentosa line   Cable Car  ç å®ç¼†è½¦,åŒ…æ‹¬å…¥å²›è´¹   8:45am to 10:00pm (Last Boarding at 9:30pm) Mount Faber Line or Harbour Front Line to Sentosa + Sentosa Line inside Sentosa. Round trip,  includes Sentosa Island Admis",Attractions,https://media.karousell.com/media/photos/products/2019/05/11/123523_228489427_thumbnail0_progressive_thumbnail
146,singapore.attractions,sky park marina Skypark sky park marina observation Sky Park Marina skypark Sentosa cheap ticket discount promotion Universal Studios Aquarium Adventure cove Zoo night Safari Cable carLuge skyline Bird park Fun Pass Butterfly Trick Eye Snow City Legoland,S$12,ğŸ’• Please Whatsapp:  +(65) 91018948 ğŸ’• Adult $16 Child $12 Senior $15 ğŸ’•SKY PARK MARINA BAY SANDS OBSERVATION DECK Admission:   Mon - Thur  9:30am to 10pm		Fri - Sun  9:30am to 11pm E ticket (No need to Print out) Adult   $16   (U.P. SGD 26.00) Child   $12   (U.P. SGD 20.00) Senior $15   (U.P SGD 23.00,Attractions,https://media.karousell.com/media/photos/products/2018/12/12/233532_108955754_thumbnail_progressive_thumbnail.jpg
147,singapore.attractions,sea aquarium aquarium adult Aquarium sea Aquarium sea aquarium aquarium aj hackett Sentosa cheap ticket discount Universal Studios Adventure cove Zoo night Safari Cable car Madam Tussauds Luge skyline Bird park Butterfly Trick Eye Snow City Legoland,S$14.50,ğŸ’• Please Whatsapp:  +(65) 91018948 ğŸ’• Adult $25 Child $14.50 Senior  $19 S.E.A AQUARIUM  Full day 10:00am 7:00pm   Last Admission 6:30pm  æµ·æ´‹é¦†   ğŸ’•E ticket (No need to Print copy) / Physical Adult $25        (U.P. SGD 40.00)    Child  $14.50 (U.P. SGD 29.00) till 31 March 2021 Senior $19       (U.P. SG,Attractions,https://media.karousell.com/media/photos/products/2019/07/21/211746_109682227_thumbnail__progressive_thumbnail
148,singapore.attractions,trick eye museum trick eye museum trick eye museum Trick Eye Museum Sentosa cheap ticket discount promotion Universal Studios Aquarium Adventure Sentosa Zoo night Safari Cable car Madam Tussauds Luge skyline Bird park Fun Pass Butterfly Snow City Legoland,S$16,ğŸ’• Please Whatsapp:  +(65) 91018948 ğŸ’• Adult $16 Child $16 Trick Eye Museum Sentosa 10am â€“ 9pm (Last Entry 8pm)y  ğŸ’•E ticket (No need to Print out) Trick Eye Museum Sentosa  æ–°åŠ å¡ç‰¹ä¸½çˆ±3Dç¾æœ¯é¦† 10am â€“ 9pm (Last Entry 8pm) E ticket (No need to print out)  Adult  $16  (U.P. SGD 25.00) Child  $16  (U.P. SGD 20.00,Attractions,https://media.karousell.com/media/photos/products/2018/12/12/235925_108955509_thumbnail_progressive_thumbnail.jpg
149,singapore.attractions,fun pass 55 80 120 token tokens Sentosa fun pass fun pass funpass Sentosa cheap ticket discount promotion Universal Studios Aquarium Adventure cove Zoo night Safari Cable car Madam Tussauds Luge skyline Bird park Fun Pass Butterfly Trick Eye Snow City,S$48,ğŸ’• Please Whatsapp:  +(65) 91018948 ğŸ’• Adult $48  Child $48  SENTOSA TOKEN FUN PASS 1 Day  E Ticket(No need to print out)  ğŸ’•Sentosa 55 tokens Fun Pass  Adult  $48  (U.P. SGD 51.00)    Child  $48  (U.P. SGD 51.00)    ğŸ’•Sentosa 80 tokens Fun Pass  Adult  $67  (U.P. SGD 72.00)    Child  $67  (U.P. SGD 72.,Attractions,https://media.karousell.com/media/photos/products/2018/09/30/234658_138656081_thumbnail_progressive_thumbnail.jpg
150,singapore.attractions,snow city snow city 1 hour 2 hours Snow City snow city snow city snow city Snow City cheap ticket discount promotion Universal Studios Aquarium Adventure Sentosa Zoo night Safari Cable car Madam Tussauds Luge skyline Bird park Fun Pass Butterfly Trick Eye,S$13,ğŸ’• Please Whatsapp:  +(65)91018948 ğŸ’• Adult $13  Child $13 Snow City Singapore   æ–°åŠ å¡é›ªåŸ   Daily 10am â€“ 6pm (last admission at 5pm)  School & Public Holidays 10am â€“ 7pm (last admission at 6pm)  ğŸ’•E ticket (No need to print out) Snow City 1 hour Adult  $13   (U.P. SGD 24.00) Child  $13   (U.P. SGD 24.00) ,Attractions,https://media.karousell.com/media/photos/products/2018/12/14/144113_161217936_thumbnail_progressive_thumbnail.jpg
151,singapore.attractions,axe factor Axe Factor axe factor 1 hour cheap ticket discount Promotion .. Orchid Garden orchid orchid garden orchid garden garden Science Center Snow city sky park marina garden by the bay bird park Zoo night safari river safari Aquarium adventure ticket,S$23,"ğŸ’• Whatsapp: +(65) 91018948 ğŸ’• ğŸ’•1 hour $23 1 pax  ğŸ’•AXE FACTOR  Sun-Thu 12pm to 9pm  Fri to Sat 10am to 11:00pm	 Axe Factor  60 Minutes of Unlimited Throws, 1 Target Board E ticket (No need to print out) 1 person  $23  (U.P. SGD 28.00) 2 person  $43  (U.P. SGD 56.00)  ğŸ’•Singapore Orchid Garden 08:30am t",Attractions,https://media.karousell.com/media/photos/products/2019/11/12/152311_261965543_thumbnail0_progressive_thumbnail
152,singapore.attractions,AJ Hackett Skybridge sky bridge Giant Swing giant swing Bungy Jump bungy jump AJ Hackett Sentosa cheap ticket discount promotion Universal Studios Aquarium Adventure Zoo night Safari Cable car Madam Luge skyline Bird park Fun Pass Butterfly Trick Eye,S$9,ğŸ’• Please Whatsapp:  +(65) 91018948 ğŸ’• Adult $9 Child $9 AJ Hackett Sentosa  Mon - Wed 11am - 7pmThu - Fri 11am - 10pm	Sat 10am - 10pmSun 10am - 7pm  ğŸ’•Skybridge Giant Swing Bungy Jump AJ Hackett Sentosa  åŸƒæ°â€¢å“ˆåŸºç‰¹ åœ£æ·˜æ²™ è¹¦æè·³/å¤§æ‘‡æ‘† Mon - Wed 11am - 7pmThu - Fri 11am - 10pm	Sat 10am - 10pmSun 10am - 7pm  ğŸ’•Skybr,Attractions,https://media.karousell.com/media/photos/products/2019/04/05/210246_161214811_thumbnail_progressive_thumbnail.jpg
153,singapore.attractions,luge skyride skyline 2 rides 3 rides 4 rides Luge Sky ride skyline luge skyride skyline Sentosa cheap ticket discount promotion Universal Studios Aquarium Adventure Zoo night Safari Cable car Madam Tussauds Bird park zoo Butterfly Trick Eye Snow Legoland,S$20,ğŸ’• Please Whatsapp:  +(65) 91018948 ğŸ’• Adult $20 Child $20 SKYLINE LUGE & SKY RIDE SENTOSA  10:00am to 09:00pm åœ£æ·˜æ²™æ–œå¡æ»‘è½¦åŠç©ºä¸­åŠæ¤…  ğŸ’•*Luge and Skyline each 2 rides *E ticket (No need to Print out) Adult   $20   (U.P. SGD 24.00)  Child   $20   (U.P. SGD 24.00)   ğŸ’•*Luge and Skyline each 3 rides Adult   $23   (,Attractions,https://media.karousell.com/media/photos/products/2019/09/11/144828_108955459_thumbnailv_progressive_thumbnail
154,joyoffer,SEA AQUARIUM MIX AND MATCH COMBO,S$8.50,â™¦ï¸SEA Aquarium (Include Mandatory Reservation) ğŸ”¹SEA Aquarium  Adult $26 Child $17 Senior $15 ğŸ”¹Combo A: SEA Aquarium + Cable Car (Round Trip) Adult $40 Child $29 ğŸ”¹Combo B: SEA Aquarium + Headrock VR Ride (Big 3) Adult $46 Child $38 ğŸ”¹Combo C: SEA Aquarium + Madame Tussauds + Boat Ride + Live Show + Ma,Attractions,https://media.karousell.com/media/photos/products/2020/10/14/sea_aquarium_mix_and_match_com_1602645043_30580166_progressive_thumbnail.jpg
155,ham_69,Sea Aquarium tickets cheap,S$24,Hi I hv the abovementioned tickets... Kindly pm me if u r keen,Attractions,https://media.karousell.com/media/photos/products/2020/10/13/sea_aquarium_tickets_cheap_1602575086_2bb837ce_progressive_thumbnail.jpg
156,sgrediscover,SEA AQUARIUM (SENTOSA) PROMOTION TICKET,S$26,"What you will get:  SEA AQUARIUM SENTOSA ADMISSION TICKET  Adult $26 Child $17 (4-12 year old)  Note: Advance booking is required, check this link:  https://sdm.rwsentosa.com/  Schedule  Opening hours:  Operating days: Saturday to Tuesday Operating hours: 10.00am to 5.00pm *Closed from Wednesday to ",Attractions,https://media.karousell.com/media/photos/products/2020/10/13/sea_aquarium_sentosa_promotion_1602559757_64ba9369_progressive_thumbnail
157,happytravel_tix,SEA AQUARIUM SEA AQUARIUM,S$14,*SEA aquarium [E-Ticket]* â€¨Adult [ age 13-59 ] $26â€¨Child [4-12 ] $17â€¨Senior [60+] $15 (Sat-Tuesday  10am-5pm)  â•Can not refund or cancel after ticket book    $35 COMBO âœ¨Sea + cable car  âœ¨Sea + Trick Eye  âœ¨Sea + Madame tussauds   * Scan Enter  *No need redeem   âœ…Whstapp 92464633 annâœ…  â€¼ï¸Cable car pro,Attractions,https://media.karousell.com/media/photos/products/2020/7/3/sea_aquarium_ticket_1593735649_5b8376b1_progressive_thumbnail.jpg
158,joyoffer,SEA AQUARIUM SENTOSA COMBO,S$8.50,â™¦ï¸SEA Aquarium (Include Mandatory Reservation) ğŸ”¹SEA Aquarium  Adult $26 Child $17 Senior $15 ğŸ”¹Combo A: SEA Aquarium + Cable Car (Round Trip) Adult $40 Child $29 ğŸ”¹Combo B: SEA Aquarium + Headrock VR Ride (Big 3) Adult $46 Child $38 ğŸ”¹Combo C: SEA Aquarium + Madame Tussauds + Boat Ride + Live Show + Ma,Attractions,https://media.karousell.com/media/photos/products/2020/10/12/sea_aquarium_sentosa_combo_1602509176_753e0622_progressive_thumbnail.jpg
159,_wallpaper_,Sea Aquarium Adult Ticket,S$26,"Resorts World Sentosa  Sea Aquarium Adult Ticket  *RFS BOUGHT XTRA TIX   -Open Dated -Ticket Valid until 30th November  -Adult Ticket ( Age 13-15 )  QUANTITY: 01  Please go to the following website for booking: https://sdm.rwsentosa.com.  After the DEAL is successful, please use it on the date of re",Attractions,https://media.karousell.com/media/photos/products/2020/10/11/sea_aquarium_adult_ticket_1602384885_55c9871f_progressive_thumbnail.jpg
160,asiasg_holiday,Sea aquarium,S$18,Sea aquarium E tickets Open ticket,Attractions,https://media.karousell.com/media/photos/products/2020/10/10/sea_aquarium_1602312101_706de5a0_progressive_thumbnail.jpg
161,travel_tickets,â¤ï¸Attractions: Madame Tussauds Sea Aquarium Luge skyride garden by the bay Singapore Flyer trick eye snow city Cable car tickets,S$8.50,â¤ï¸Madame Tussauds + IOS + Boat Ride + 4D MARVEL OR Ultimate Film Experience  Adult/ child:  $22 2 Tickets for the Price of 1 - Madame Tussauds (4-in-1):ğŸ’¥limited stockğŸ’¥  Adult/ child:  $24  â™¥ï¸Cable Car : (2ways) Adult : $16 Child : $13   â™¥ï¸South East Asia Aquarium : Adult : $26 Child : $17  â¤ï¸Combo: ,Attractions,https://media.karousell.com/media/photos/products/2020/10/10/attractions_madame_tussauds_se_1602289301_08ca2978_progressive_thumbnail.jpg
162,joyoffer,SEA AQUARIUM AFTER SCHOOL OFFER,S$8.50,â™¦ï¸SEA Aquarium (Include Mandatory Reservation) ğŸ”¹SEA Aquarium  Adult $26 Child $17 Senior $15 ğŸ”¹Combo A: SEA Aquarium + Cable Car (Round Trip) Adult $40 Child $29 ğŸ”¹Combo B: SEA Aquarium + Headrock VR Ride (Big 3) Adult $46 Child $38 ğŸ”¹Combo C: SEA Aquarium + Madame Tussauds + Boat Ride + Live Show + Ma,Attractions,https://media.karousell.com/media/photos/products/2020/10/14/sea_aquarium_after_school_offe_1602647086_b11e52f1_progressive_thumbnail.jpg
163,joyoffer,SEA AQUARIUM MADAME TUSSAUDS,S$15,â™¦ï¸SEA Aquarium (Include Mandatory Reservation) ğŸ”¹SEA Aquarium  Adult $26 Child $17 Senior $15 ğŸ”¹Combo A: SEA Aquarium + Cable Car (Round Trip) Adult $40 Child $29 ğŸ”¹Combo B: SEA Aquarium + Headrock VR Ride (Big 3) Adult $46 Child $38 ğŸ”¹Combo C: SEA Aquarium + Madame Tussauds + Boat Ride + Live Show + Ma,Attractions,https://media.karousell.com/media/photos/products/2020/10/9/sea_aquarium_madame_tussauds_1602224963_b0b280e7_progressive_thumbnail.jpg
164,happytravel_tix,Attraction ticket Luge & Skyride cable car sea aquarium garden by the bay Trick eye Madame tussauds,S$10,â€¼ï¸PROMOTIONâ€¼ï¸  SEA adult $26  / child $17 (age 4-12)/ senior $17( age 60)â€¨*Scan enter / *no need redeem  Â â€¨Saturday to Tuesday (10am-5pm)Â    â€¨  *Luge & Skyride [E-Ticket]* â€¨2 round $20 (2 luge + 2 Skyride) â€¨3 round $23 â€¨4 round $24 â€¨Close on Tuesday & Wednesday (11am-7:30pm)   Cable carÂ  $18 â€¨Open d,Attractions,https://media.karousell.com/media/photos/products/2020/10/8/attraction_ticket_luge__skyrid_1602121281_e905a50b_progressive_thumbnail.jpg
165,pastelpetalsx,5 SEA Aquarium 1 day ticket,S$155,"selling 5 tickets from Klook for $155  (15% discount) I bought it for $185 Selling it as a set. $150 for FAST deals!!   Open date ticket from now till 30 Nov 2020 Selling because the initial date that I wanted to visit was not available anymore.  After purchasing the tickets from me, you have to go ",Attractions,https://media.karousell.com/media/photos/products/2020/10/4/5_sea_aquarium_1_day_ticket_1601799336_caaec8fe_progressive_thumbnail.jpg
166,stunnedlikevegetable,3 tickets for $60. SEA RWS South East Asia Aquarium 5 Dec 2020,S$60,2 adults + 1 child entry tickets. valued at $101 selling for $60. for single entry to the park only. fixed date. strictly no changing of the park entry date which will be on 5 Dec 2020.,Attractions,https://media.karousell.com/media/photos/products/2020/9/30/sea_rws_south_east_asia_aquari_1601453273_741c5466_progressive_thumbnail.jpg
167,happytravel_tix,Attraction ticket sea aquarium garden by the bay  cable car luge Skyride trick eye Madame tussauds head rock,S$15, â€¼ï¸PROMOTIONâ€¼ï¸  Whstapp 92464633 ann â€¨https://wa.me/6592464633  âŒNO CALL  ğŸŸSea  Adult $26 Â  Child $17 (age 4-12) Senior $17â€¨Saturday to Tuesday (10am-5pm)Â  â€¨â€¨ğŸš Cable carÂ Â Â   Adult $18  Child $12-15 ( age 4-12)â€¨Open date (8:45am-8:30pm)Â  â€¨ğŸ’ƒMadame Tussaud  Adult / child $22â€¨Thursday to Monday (11am-7pm,Attractions,https://media.karousell.com/media/photos/products/2020/9/25/attraction_ticket_sea_aquarium_1601001814_9f660d55_progressive_thumbnail.jpg
168,singapore_attractions,ADULT Ticket of SEA Aquarium,S$26,"Before you visit SEA Aquarium Operating hours: Monday to Tuesday: 10.00am to 5.00pm  Saturday, Sunday and Public Holiday: 9.00am to 5.00pm *Closed from Wednesday to Friday  ğŸ“±ğŸ“For inquiries, contact us at 62352328 or Whatsapp https://wa.me/6588582328  $26/adult $17/child  Discover what lies beneath t",Attractions,https://media.karousell.com/media/photos/products/2020/9/22/adult_ticket_of_sea_aquarium_1600758001_f586655c_progressive_thumbnail
169,zsbeautystar,Sea Aquarium Ticket x2ï¼ˆadultï¼‰,S$58,Reason:Brought wrong date Buy 74sgd Sell 60sgd Sentosa website sell 64sgd.,Attractions,https://media.karousell.com/media/photos/products/2020/10/14/sea_aquarium_ticket_x2adult_1602639099_8b342df0_progressive_thumbnail.jpg
170,joyoffer,SEA AQUARIUM CABLE CAR,S$15,â™¦ï¸SEA Aquarium (Include Mandatory Reservation) ğŸ”¹SEA Aquarium  Adult $26 Child $17 Senior $15 ğŸ”¹Combo A: SEA Aquarium + Cable Car (Round Trip) Adult $40 Child $29 ğŸ”¹Combo B: SEA Aquarium + Headrock VR Ride (Big 3) Adult $46 Child $38 ğŸ”¹Combo C: SEA Aquarium + Madame Tussauds + Boat Ride + Live Show + Ma,Attractions,https://media.karousell.com/media/photos/products/2020/10/8/sea_aquarium_cable_car_1602161245_31811a70_progressive_thumbnail.jpg
171,joyoffer,SEA AQUARIUM,S$15,â™¦ï¸SEA Aquarium (Include Mandatory Reservation) ğŸ”¹SEA Aquarium  Adult $26 Child $17 Senior $15 ğŸ”¹Combo A: SEA Aquarium + Cable Car (Round Trip) Adult $40 Child $29 ğŸ”¹Combo B: SEA Aquarium + Headrock VR Ride (Big 3) Adult $46 Child $38 ğŸ”¹Combo C: SEA Aquarium + Madame Tussauds + Boat Ride + Live Show + Ma,Attractions,https://media.karousell.com/media/photos/products/2020/9/11/sea_aquarium_1599832348_1ab2f472_progressive_thumbnail.jpg
172,singapore_attractions,SEA Aquarium (CHILD tickets),S$17,"Before you visit SEA Aquarium Operating hours: Monday to Tuesday: 10.00am to 5.00pm  Saturday, Sunday and Public Holiday: 9.00am to 5.00pm *Closed from Wednesday to Friday  ğŸ“±ğŸ“For inquiries, contact us at 62352328 or Whatsapp https://wa.me/6588582328  $26/adult $17/child  Discover what lies beneath t",Attractions,https://media.karousell.com/media/photos/products/2020/9/22/sea_aquarium_adult_tickets_1600757802_61a02a57_progressive_thumbnail
173,trusted_sellerforall,Sea aquarium adult ticket for 2 at $51,S$51,"E voucher  After purchase ticket, then able to check the availability on:  https://sdm.rwsentosa.com/",Attractions,https://media.karousell.com/media/photos/products/2020/9/20/sea_aquarium_adult_ticket_for__1600621368_153ad653_progressive_thumbnail.jpg
174,joyoffer,SEA AQUARIUM CABLE CAR COMBO,S$15,â™¦ï¸SEA Aquarium (Include Mandatory Reservation) ğŸ”¹SEA Aquarium  Adult $26 Child $17 Senior $15 ğŸ”¹Combo A: SEA Aquarium + Cable Car (Round Trip) Adult $40 Child $29 ğŸ”¹Combo B: SEA Aquarium + Headrock VR Ride (Big 3) Adult $46 Child $38 ğŸ”¹Combo C: SEA Aquarium + Madame Tussauds + Boat Ride + Live Show + Ma,Attractions,https://media.karousell.com/media/photos/products/2020/9/14/sea_aquarium_cable_car_combo_1600057753_990e4fff_progressive_thumbnail.jpg
175,joyoffer,SEA AQUARIUM SENTOSA PACKAGES,S$15,â™¦ï¸SEA Aquarium (Include Mandatory Reservation) ğŸ”¹SEA Aquarium  Adult $26 Child $17 Senior $15 ğŸ”¹Combo A: SEA Aquarium + Cable Car (Round Trip) Adult $40 Child $29 ğŸ”¹Combo B: SEA Aquarium + Headrock VR Ride (Big 3) Adult $46 Child $38 ğŸ”¹Combo C: SEA Aquarium + Madame Tussauds + Boat Ride + Live Show + Ma,Attractions,https://media.karousell.com/media/photos/products/2020/9/25/sea_aquarium_sentosa_packages_1601044745_10b0a086_progressive_thumbnail.jpg
176,chickeymickey,Adventure Cove Tickets x2,S$40,Selling 2x Adult Tickets ORIGINAL PRICE $36 per ticket Pm for fast deal!  Expires end March.,Attractions,https://media.karousell.com/media/photos/products/2020/03/21/182907_284327074_thumbnailt_progressive_thumbnail
177,jelly.beanie,Singapore Zoo Tickets (USS SEA AQUARIUM ADVENTURE COVE TRICKEYE MADAME TUSSARDS ZOO RIVER SAFARI NIGHT SAFARI RAINFOREST LUMINA SENTOSA),S$18,"Adultsâ€”â€”â€” $28 Kidsâ€”â€”â€”18   Fast Response. Reliable Seller. E-Tickets send within 15 mins after payment receive. Any enquires, feel free to whatsapp me at.            ğŸ“± +65 8796 6433 ",Attractions,https://media.karousell.com/media/photos/products/2019/12/03/152705_265684391_thumbnail_progressive_thumbnail.jpg
178,j.crew.18,Adventure Cove * Sentosa * USS,S$22,1 Adventure Cove Ticket - $22 2 Adventure Cove Tickets - $40  Fast deal ğŸ˜Š  Meet up @ Kovan / Serangoon / Tampines,Attractions,https://media.karousell.com/media/photos/products/2019/12/13/083637_267350033_thumbnail_progressive_thumbnail.jpg
179,yingying93,Adventure Cove WaterPark E-Tickets,S$26,Adventure Cove WaterPark E-Tickets  $26 per adult $20 per child  Contact me @ 91294130 for more infos. ,Attractions,https://media.karousell.com/media/photos/products/2019/06/05/140531_232334856_thumbnail_progressive_thumbnail.jpg
180,rosminaho,Ticket Attraction Singapore Malaysia Hong kong USS Disneyland Legoland Gardenbythebay Mbs Adventure Cove Wings Of Time Singapore Zoo Singapore Flyer Sea Aquarium River Safari Jurongbird Nightsafari Luge&skyride Angrybird HELLOKITTY Oceanpark SG HK MY,S$0,ALL READY STOCK NO CANCELING OF ORDER NO REFUND NO FURTHER NEGOTIATIONS  NO TRADE ONLY SELF-COLLECT AT MRT / POSTAGE / EMAIL.  TICKET WILLBE EMAILED TO YOU WITHIN 24-48HR AFTER PAYMENT. GIVE ME FIXED DATE AND TRANSFER ME 1-2DAYS BEFORE YOU GO.  â€¢Last UPDATE for 2016:  1.a) USS Eticket $55  (Choose d,Attractions,https://media.karousell.com/media/photos/products/2016/02/10/165530_43349093_thumbnail.jpg
181,rosminaho,Ticket Attraction Singapore Malaysia Hong kong USS Disneyland Legoland Gardenbythebay Mbs Adventure Cove Wings Of Time Singapore Zoo Singapore Flyer Sea Aquarium River Safari Jurongbird Nightsafari Luge&skyride Angrybird HELLOKITTY Oceanpark SG HK MY,S$0,ALL READY STOCK NO CANCELING OF ORDER NO REFUND NO FURTHER NEGOTIATIONS  NO TRADE ONLY SELF-COLLECT AT MRT / POSTAGE / EMAIL.  TICKET WILLBE EMAILED TO YOU WITHIN 24-48HR AFTER PAYMENT. GIVE ME FIXED DATE AND TRANSFER ME 1-2DAYS BEFORE YOU GO.  â€¢Last UPDATE for 2016:  1.a) USS Eticket $55  (Choose d,Attractions,https://media.karousell.com/media/photos/products/2016/01/31/183338_42493140_thumbnail.jpg
182,lightningtickets,ğŸ‘™ADVENTURE COVE ,S$19.50,"ğŸ‘™WATER THEME PARK CHILD E-TICKET  ğŸ‘™Adventure Cove E- Tickets   ADULT $26 CHILD $19.50  ğŸ“±Just scan and enter using your mobile phone.  Payment via bank transfer, paynow or pahlah  ğŸŸTickets will be emailed to you within 10-15 minutes or less.   Please whatsapp ""Lightningâš¡ï¸""   https://wa.me/6585001412 ",Attractions,https://media.karousell.com/media/photos/products/2020/01/13/124055_85280441_thumbnail_progressive_thumbnail.jpg
183,keathony11,Adventure Cove Waterpark Ticket,S$28,FOR SALE!!! CHEAPEST BUT LEGIT TICKETS!!!  âš« ADULT $28 âš« KID $22  âœ” [E-TICKET ONLY] âœ” 100% GUARANTEED SAFE AND LEGIT âœ” ACCEPT PAYMENT VIA PAYLAH/PAYNOW,Attractions,https://media.karousell.com/media/photos/products/2019/09/07/185144_249354443_thumbnail3_progressive_thumbnail
184,justpee,Adventure Cove ticket,S$18,"Selling adventure cove E ticket Each ticket is valid for 3 months  Open dated You can go any day including public holiday, weekends, school holiday Ticket will be send by email within 24 hours after payment Ticket is transferable Can be buy as gift  Child: $18.50 Adult $24.50",Attractions,https://media.karousell.com/media/photos/products/2018/06/19/225256_161603995_thumbnail_progressive_thumbnail.jpg
185,philchlee,"Festive Family room Oct-Dec with 3 bed compartment + 15% discount on USS tickets, Adventure Cove, Aquarium",S$370,"Also available Crockford Hotel, Equarius Hotel for other weekdays in Aug and any dates till November. The sooner you msg, you can get the date you want if you provide whatsapp and email address.  Best price is only for specific date I will meet you at hotel to register your name at the hotel counter",Attractions,https://media.karousell.com/media/photos/products/2020/02/29/195755_273264635_thumbnailh_progressive_thumbnail
186,rosminaho,Ticket Attraction Singapore Malaysia Hong kong USS Disneyland Legoland Gardenbythebay Mbs Adventure Cove Wings Of Time Singapore Zoo Singapore Flyer Sea Aquarium River Safari Jurongbird Nightsafari Luge&skyride Angrybird HELLOKITTY Oceanpark SG HK MY,S$0,ALL READY STOCK NO CANCELING OF ORDER NO REFUND NO FURTHER NEGOTIATIONS  NO TRADE ONLY SELF-COLLECT AT MRT / POSTAGE / EMAIL.  TICKET WILLBE EMAILED TO YOU WITHIN 24-48HR AFTER PAYMENT. GIVE ME FIXED DATE AND TRANSFER ME 1-2DAYS BEFORE YOU GO.  â€¢Last UPDATE for 2016:  1.a) USS Eticket $55  (Choose d,Attractions,https://media.karousell.com/media/photos/products/2016/02/02/090124_42650497_thumbnail.jpg
187,rosminaho,Ticket Attraction Singapore Malaysia Hong kong USS Disneyland Legoland Gardenbythebay Mbs Adventure Cove Wings Of Time Singapore Zoo Singapore Flyer Sea Aquarium River Safari Jurongbird Nightsafari Luge&skyride Angrybird HELLOKITTY Oceanpark SG HK MY,S$0,Entertainment,Attractions,https://media.karousell.com/media/photos/products/2016/04/13/153142_49865184_thumbnail.jpg
188,singapore.attractions,universal studios singapore ticket sea aquarium adventure cove cable car luge skyride madam tussaud trick eye  sentosa zoo bird park river safari night safari snow city science centre legoland Zoo sky park marina Garden by the bay cheap discount tickets,S$9,"ğŸ’•Please Whatsapp:  +(65) 91018948ğŸ’•  ğŸ’•E ticket: No need to Print out Open dated tickets, Can be use from mobile and tablet  ğŸ’•*Universal Studios Sentosa (USS)ç¯çƒå½±åŸ *You can go out of USS for your lunch and back LIMITED TICKETS ONLY E ticket (No need to print out) Adult  $58  (U.P. SGD 81.00)    Child  ",Attractions,https://media.karousell.com/media/photos/products/2019/09/11/144928_109408585_thumbnailc_progressive_thumbnail
189,tinymosquito,HOT DEALS  AVAILğŸ”¥Trickeye museum tickets for sale!  USS SEA AQUARIUM ADVENTURE COVE TRICKEYE MADAME TUSSARDS ZOO RIVER SAFARI NIGHT SAFARI RAINFOREST LUMINA BIRD PRK WINGS OF TIME,S$12.90,ğŸ•¶View These 3D DRAWINGS! Tickets For Sale!  Trickeye museum  $Whatsapp to get the best quote!   Feel free to Whatsapp me is you need to enquire for any tickets! Just press the link below to chat with me! https://wa.me/6587274091?text=I'm%20interested%20in%20your%20Attraction%20tickets%20posted%20in%,Attractions,https://media.karousell.com/media/photos/products/2020/01/12/135043_141745762_thumbnail_progressive_thumbnail.jpg
190,singapore.attractions,adventure cove adventure cove adult adventure cove adventure cove Sentosa cheap ticket discount promotion Universal Studios Aquarium Zoo night Safari Cable car Madam Tussauds Luge skyline Bird park Fun Pass Butterfly Trick Eye Snow City Legoland,S$21,"ğŸ’• Please Whatsapp:  +(65) 91018948 ğŸ’• Adult $26 Child $21 ADVENTURE COVE WATER PARK  10:00am 6:00pm   æ°´ä¸Šæ¢é™©ä¹å›­  ğŸ’•E ticket (No need to Print copy) Adult $26  (U.P. SGD 38.00) Child $21   (U.P. SGD 30.00)  Please Whatsapp: 91018948  E ticket:  No need to Print out, with the soft copy from mobile or table",Attractions,https://media.karousell.com/media/photos/products/2018/12/26/224716_109682132_thumbnail_progressive_thumbnail.jpg
191,rosminaho,Ticket Attraction Singapore Malaysia Hong kong USS Disneyland Legoland Gardenbythebay Mbs Adventure Cove Wings Of Time Singapore Zoo Singapore Flyer Sea Aquarium River Safari Jurongbird Nightsafari Luge&skyride Angrybird HELLOKITTY Oceanpark SG HK MY,S$0,ALL READY STOCK NO CANCELING OF ORDER NO REFUND NO FURTHER NEGOTIATIONS  NO TRADE ONLY SELF-COLLECT AT MRT / POSTAGE / EMAIL.  TICKET WILLBE EMAILED TO YOU WITHIN 24-48HR AFTER PAYMENT. GIVE ME FIXED DATE AND TRANSFER ME 1-2DAYS BEFORE YOU GO.  â€¢Last UPDATE for 2016: 1.a) USS Eticket $55 (A)~ FIXED ,Attractions,https://media.karousell.com/media/photos/products/2016/02/06/005400_43005926_thumbnail.jpg
192,rosminaho,Ticket Attraction Singapore Malaysia Hong kong USS Disneyland Legoland Gardenbythebay Mbs Adventure Cove Wings Of Time Singapore Zoo Singapore Flyer Sea Aquarium River Safari Jurongbird Nightsafari Luge&skyride Angrybird HELLOKITTY Oceanpark SG HK MY,S$0,ALL READY STOCK NO CANCELING OF ORDER NO REFUND NO FURTHER NEGOTIATIONS  NO TRADE ONLY SELF-COLLECT AT MRT / POSTAGE / EMAIL.  TICKET WILLBE EMAILED TO YOU WITHIN 24-48HR AFTER PAYMENT. GIVE ME FIXED DATE AND TRANSFER ME 1-2DAYS BEFORE YOU GO.  â€¢Last UPDATE for 2016: 1.a) USS Eticket $55 (A)~ FIXED ,Attractions,https://media.karousell.com/media/photos/products/2016/02/28/005851_45024125_thumbnail.jpg
193,singapore.attractions,cable car cable car cable car cable cable car Cable Car Cablecar cheap ticket sentosa night safari river safari zoo bird park river cruise madam Tussaud luge skyride universal studios aquarium adventure cove cable sentosa cheap ticket discount promotion,S$19,"ğŸ’• Please Whatsapp:  91018948 ğŸ’• Adult $19 Child $15 Cable Car cheap ticket discount 2 ways and Sentosa line   Cable Car  ç å®ç¼†è½¦,åŒ…æ‹¬å…¥å²›è´¹   8:45am to 10:00pm (Last Boarding at 9:30pm) Mount Faber Line or Harbour Front Line to Sentosa + Sentosa Line inside Sentosa. Round trip,  includes Sentosa Island Admis",Attractions,https://media.karousell.com/media/photos/products/2019/05/11/123523_228489427_thumbnail0_progressive_thumbnail
194,singapore.attractions,sky park marina Skypark sky park marina observation Sky Park Marina skypark Sentosa cheap ticket discount promotion Universal Studios Aquarium Adventure cove Zoo night Safari Cable carLuge skyline Bird park Fun Pass Butterfly Trick Eye Snow City Legoland,S$12,ğŸ’• Please Whatsapp:  +(65) 91018948 ğŸ’• Adult $16 Child $12 Senior $15 ğŸ’•SKY PARK MARINA BAY SANDS OBSERVATION DECK Admission:   Mon - Thur  9:30am to 10pm		Fri - Sun  9:30am to 11pm E ticket (No need to Print out) Adult   $16   (U.P. SGD 26.00) Child   $12   (U.P. SGD 20.00) Senior $15   (U.P SGD 23.00,Attractions,https://media.karousell.com/media/photos/products/2018/12/12/233532_108955754_thumbnail_progressive_thumbnail.jpg
195,singapore.attractions,1 Altitude altitude altitude viewing gallery Viewing Gallery 1 Altitude cheap ticket discount promotion river cruise clark quay garden by the bay sky park marina Superpark xd theatre Nerf Action Xperience Universal Studios Aquarium adventure cove,S$12,ğŸ’• Whatsapp +(65) 91018948 ğŸ’• ğŸ’• Adult $16  Child $12  (Senior $15  65 years and above)  ğŸ’•1-ALTITUDE VIEWING GALLERY  Monday to Sunday 8:30am to 5:30pm (Last admission: 5pm) 1-Altitude Viewing Gallery (Day Admission Only)  E ticket (No need to print out) Adult  $16  (U.P. SGD 25.00) Child  $12 (U.P. SG,Attractions,https://media.karousell.com/media/photos/products/2019/11/12/155605_261971342_thumbnail0_progressive_thumbnail
196,singapore.attractions,sea aquarium aquarium adult Aquarium sea Aquarium sea aquarium aquarium aj hackett Sentosa cheap ticket discount Universal Studios Adventure cove Zoo night Safari Cable car Madam Tussauds Luge skyline Bird park Butterfly Trick Eye Snow City Legoland,S$14.50,ğŸ’• Please Whatsapp:  +(65) 91018948 ğŸ’• Adult $25 Child $14.50 Senior  $19 S.E.A AQUARIUM  Full day 10:00am 7:00pm   Last Admission 6:30pm  æµ·æ´‹é¦†   ğŸ’•E ticket (No need to Print copy) / Physical Adult $25        (U.P. SGD 40.00)    Child  $14.50 (U.P. SGD 29.00) till 31 March 2021 Senior $19       (U.P. SG,Attractions,https://media.karousell.com/media/photos/products/2019/07/21/211746_109682227_thumbnail__progressive_thumbnail
197,singapore.attractions,fun pass 55 80 120 token tokens Sentosa fun pass fun pass funpass Sentosa cheap ticket discount promotion Universal Studios Aquarium Adventure cove Zoo night Safari Cable car Madam Tussauds Luge skyline Bird park Fun Pass Butterfly Trick Eye Snow City,S$48,ğŸ’• Please Whatsapp:  +(65) 91018948 ğŸ’• Adult $48  Child $48  SENTOSA TOKEN FUN PASS 1 Day  E Ticket(No need to print out)  ğŸ’•Sentosa 55 tokens Fun Pass  Adult  $48  (U.P. SGD 51.00)    Child  $48  (U.P. SGD 51.00)    ğŸ’•Sentosa 80 tokens Fun Pass  Adult  $67  (U.P. SGD 72.00)    Child  $67  (U.P. SGD 72.,Attractions,https://media.karousell.com/media/photos/products/2018/09/30/234658_138656081_thumbnail_progressive_thumbnail.jpg
